dailyDate,rank,playerId,name,points,avatarUrl
2025-10-28,1,f33247461c13011c6c8465f7aed94ddc,"Kitniti",1429,https://storage.googleapis.com/wbuserimages/prod/24453968-f33247461c13011c6c8465f7aed94ddc
2025-10-28,2,13d27d58144a648163eaf818ac35c332,"Mitchell",1345,https://storage.googleapis.com/wbuserimages/prod/36233128-13d27d58144a648163eaf818ac35c332
2025-10-28,3,d920213885f59abd9b181514e8ed0231,"Lewis",1330,https://storage.googleapis.com/wbuserimages/prod/94334483-d920213885f59abd9b181514e8ed0231
2025-10-28,4,f5b76a1207cd52e580007eb2d7fcc6fa,"Kevin",1230,https://storage.googleapis.com/wbuserimages/prod/70351000-f5b76a1207cd52e580007eb2d7fcc6fa
2025-10-28,5,4c4b0872dc5e9964b8715ff68a609854,"Esuabom",1209,https://storage.googleapis.com/wbuserimages/prod/21596664-4c4b0872dc5e9964b8715ff68a609854
2025-10-28,6,a0055187308a6831e6d914375d961273,"Darisch Rian",1192,https://storage.googleapis.com/wbuserimages/prod/38383096-a0055187308a6831e6d914375d961273
2025-10-28,7,2923a7c3990777f6e12bacee960e1d72,"Michelle",1184,https://storage.googleapis.com/wbuserimages/prod/63652594-2923a7c3990777f6e12bacee960e1d72
2025-10-28,8,3b0f13b4cba146f2372524ff3b19c6fe,"Nick",1181,https://storage.googleapis.com/wbuserimages/prod/21360362-3b0f13b4cba146f2372524ff3b19c6fe
2025-10-28,9,676c8b8d1048a9b6f7dbb24b8c80b30c,"Goh",1173,https://storage.googleapis.com/wbuserimages/prod/19880174-676c8b8d1048a9b6f7dbb24b8c80b30c
2025-10-28,10,98610e86acb0a629da17f0993ec0fd50,"奕安",1149,https://storage.googleapis.com/wbuserimages/prod/19924602-98610e86acb0a629da17f0993ec0fd50
2025-10-28,11,51c6f6019317c84ce59b2f83962da383,"Sharon",1139,https://storage.googleapis.com/wbuserimages/prod/70319088-51c6f6019317c84ce59b2f83962da383
2025-10-28,12,0bcd00972615fab8942206546aff4662,"B.J.",1096,https://storage.googleapis.com/wbuserimages/prod/20046027-0bcd00972615fab8942206546aff4662
2025-10-28,13,0f7455b7ea9925a9a50a2fa90060756d,"柏堯",1062,https://storage.googleapis.com/wbuserimages/prod/21610652-0f7455b7ea9925a9a50a2fa90060756d
2025-10-28,14,c8e2e46a7e6e8394b1aa20ef5aef061a,"Michael",1017,https://storage.googleapis.com/wbuserimages/prod/116109165-c8e2e46a7e6e8394b1aa20ef5aef061a
2025-10-28,15,6db5d348a7fe7079e871fd8af0c91347,"Chris",1012,https://storage.googleapis.com/wbuserimages/prod/35664395-6db5d348a7fe7079e871fd8af0c91347
2025-10-28,16,d247b8ebeefb0f030bcd0bc582720e9c,"Lizette",1006,https://storage.googleapis.com/wbuserimages/prod/44629197-d247b8ebeefb0f030bcd0bc582720e9c
2025-10-28,17,525364925f8a9aee6c56c03886cdb6d2,"Paula",1005,https://storage.googleapis.com/wbuserimages/prod/52758524-525364925f8a9aee6c56c03886cdb6d2
2025-10-28,18,5df0880cd272cf42f773100b2182e09e,"Daniel",1002,https://storage.googleapis.com/wbuserimages/prod/58718633-5df0880cd272cf42f773100b2182e09e
2025-10-28,19,c5c566db8c7fc2945582a24a02851082,"Kevin JD",973,https://storage.googleapis.com/wbuserimages/prod/58066677-c5c566db8c7fc2945582a24a02851082
2025-10-28,20,7c725404ee3b78ec4dbf4c9aa7232e1a,"Jay",967,https://storage.googleapis.com/wbuserimages/prod/17339371-7c725404ee3b78ec4dbf4c9aa7232e1a
2025-10-28,21,21142d1e52d40b3b94cc5526174b8828,"Kath",950,https://storage.googleapis.com/wbuserimages/prod/19673979-21142d1e52d40b3b94cc5526174b8828
2025-10-28,22,e5d324b4eca1b03fc70c44746de537a7,"Benjamin",905,https://storage.googleapis.com/wbuserimages/prod/65513248-e5d324b4eca1b03fc70c44746de537a7
2025-10-28,23,dfec62ed27ec3e559347ee123c0c7a5a,"Louie James",892,https://storage.googleapis.com/wbuserimages/prod/51042361-dfec62ed27ec3e559347ee123c0c7a5a
2025-10-28,24,bd2ee11f97b8f2a8d028f695d790c2aa,"Brandon",891,https://storage.googleapis.com/wbuserimages/prod/37491434-bd2ee11f97b8f2a8d028f695d790c2aa
2025-10-28,25,630645abeeda490b1745d81ca6fa7850,"文宏",882,https://storage.googleapis.com/wbuserimages/prod/96424326-630645abeeda490b1745d81ca6fa7850
2025-10-28,26,f4e0a39a3dad42ccd54bbe7b9fba1488,"Emmanuel",880,https://storage.googleapis.com/wbuserimages/prod/51337713-f4e0a39a3dad42ccd54bbe7b9fba1488
2025-10-28,27,72fa75a07f88a9fd77ee2af82e33efd3,"Katie",842,https://storage.googleapis.com/wbuserimages/prod/49531406-72fa75a07f88a9fd77ee2af82e33efd3
2025-10-28,28,5c80a7e6da6632de5ad933a9838670c2,"Celestine Ebuka",825,https://storage.googleapis.com/wbuserimages/prod/20083424-5c80a7e6da6632de5ad933a9838670c2
2025-10-28,29,6c7c3649b1dbfe3c89438b138986d789,"Alfred",810,https://storage.googleapis.com/wbuserimages/prod/62274970-6c7c3649b1dbfe3c89438b138986d789
2025-10-28,30,801b2f89bbbc2722fc9a1c772736caee,"Norman",809,https://storage.googleapis.com/wbuserimages/prod/94280027-801b2f89bbbc2722fc9a1c772736caee
2025-10-28,31,092d0a8a0d1176ae891def5606e993c1,"Stephen",794,https://storage.googleapis.com/wbuserimages/prod/19942300-092d0a8a0d1176ae891def5606e993c1
2025-10-28,32,e455e647ad1de9774a8d728de7dd8c2c,"Debi",780,https://storage.googleapis.com/wbuserimages/prod/37122610-e455e647ad1de9774a8d728de7dd8c2c
2025-10-28,33,6c1dcb42648b016f4ebb87a627757cc2,"Emmanuel",748,https://storage.googleapis.com/wbuserimages/prod/46571486-6c1dcb42648b016f4ebb87a627757cc2
2025-10-28,34,800eca46a100354927f4d80b577a8f0e,"Kaleb",740,https://storage.googleapis.com/wbuserimages/prod/19940464-800eca46a100354927f4d80b577a8f0e
2025-10-28,35,5d8dc7a4eb1cbd9cd99ec2fd8c57f759,"Michael",740,https://storage.googleapis.com/wbuserimages/prod/55096107-5d8dc7a4eb1cbd9cd99ec2fd8c57f759
2025-10-28,36,f2cf7eb43583e04a62054c79299839aa,"James",714,https://storage.googleapis.com/wbuserimages/prod/14894378-f2cf7eb43583e04a62054c79299839aa
2025-10-28,37,c2e13ee4a1e81c34023a97599eff2e70,"Winston",695,https://storage.googleapis.com/wbuserimages/prod/54071099-c2e13ee4a1e81c34023a97599eff2e70
2025-10-28,38,647e8c20fea4d1577b88d3316f85c5a0,"Dan",669,https://storage.googleapis.com/wbuserimages/prod/19134989-647e8c20fea4d1577b88d3316f85c5a0
2025-10-28,39,e77ed6831e1122b6cab87ce1d42c2d26,"Yannis",661,https://storage.googleapis.com/wbuserimages/prod/103862274-e77ed6831e1122b6cab87ce1d42c2d26
2025-10-28,,,"All arenas",402,
2025-10-29,1,0f7455b7ea9925a9a50a2fa90060756d,"柏堯",1874,https://storage.googleapis.com/wbuserimages/prod/21610652-0f7455b7ea9925a9a50a2fa90060756d
2025-10-29,2,676c8b8d1048a9b6f7dbb24b8c80b30c,"Goh",1825,https://storage.googleapis.com/wbuserimages/prod/19880174-676c8b8d1048a9b6f7dbb24b8c80b30c
2025-10-29,3,f33247461c13011c6c8465f7aed94ddc,"Kitniti",1790,https://storage.googleapis.com/wbuserimages/prod/24453968-f33247461c13011c6c8465f7aed94ddc
2025-10-29,4,13d27d58144a648163eaf818ac35c332,"Mitchell",1768,https://storage.googleapis.com/wbuserimages/prod/36233128-13d27d58144a648163eaf818ac35c332
2025-10-29,5,a0055187308a6831e6d914375d961273,"Darisch Rian",1751,https://storage.googleapis.com/wbuserimages/prod/38383096-a0055187308a6831e6d914375d961273
2025-10-29,6,f5b76a1207cd52e580007eb2d7fcc6fa,"Kevin",1668,https://storage.googleapis.com/wbuserimages/prod/70351000-f5b76a1207cd52e580007eb2d7fcc6fa
2025-10-29,7,d920213885f59abd9b181514e8ed0231,"Lewis",1656,https://storage.googleapis.com/wbuserimages/prod/94334483-d920213885f59abd9b181514e8ed0231
2025-10-29,8,630645abeeda490b1745d81ca6fa7850,"文宏",1646,https://storage.googleapis.com/wbuserimages/prod/96424326-630645abeeda490b1745d81ca6fa7850
2025-10-29,9,98610e86acb0a629da17f0993ec0fd50,"奕安",1611,https://storage.googleapis.com/wbuserimages/prod/19924602-98610e86acb0a629da17f0993ec0fd50
2025-10-29,10,6db5d348a7fe7079e871fd8af0c91347,"Chris",1587,https://storage.googleapis.com/wbuserimages/prod/35664395-6db5d348a7fe7079e871fd8af0c91347
2025-10-29,11,3b0f13b4cba146f2372524ff3b19c6fe,"Nick",1576,https://storage.googleapis.com/wbuserimages/prod/21360362-3b0f13b4cba146f2372524ff3b19c6fe
2025-10-29,12,4c4b0872dc5e9964b8715ff68a609854,"Esuabom",1574,https://storage.googleapis.com/wbuserimages/prod/21596664-4c4b0872dc5e9964b8715ff68a609854
2025-10-29,13,525364925f8a9aee6c56c03886cdb6d2,"Paula",1536,https://storage.googleapis.com/wbuserimages/prod/52758524-525364925f8a9aee6c56c03886cdb6d2
2025-10-29,14,c8e2e46a7e6e8394b1aa20ef5aef061a,"Michael",1485,https://storage.googleapis.com/wbuserimages/prod/116109165-c8e2e46a7e6e8394b1aa20ef5aef061a
2025-10-29,15,0bcd00972615fab8942206546aff4662,"B.J.",1384,https://storage.googleapis.com/wbuserimages/prod/20046027-0bcd00972615fab8942206546aff4662
2025-10-29,16,51c6f6019317c84ce59b2f83962da383,"Sharon",1377,https://storage.googleapis.com/wbuserimages/prod/70319088-51c6f6019317c84ce59b2f83962da383
2025-10-29,17,dfec62ed27ec3e559347ee123c0c7a5a,"Louie James",1357,https://storage.googleapis.com/wbuserimages/prod/51042361-dfec62ed27ec3e559347ee123c0c7a5a
2025-10-29,18,5df0880cd272cf42f773100b2182e09e,"Daniel",1337,https://storage.googleapis.com/wbuserimages/prod/58718633-5df0880cd272cf42f773100b2182e09e
2025-10-29,19,c5c566db8c7fc2945582a24a02851082,"Kevin JD",1302,https://storage.googleapis.com/wbuserimages/prod/58066677-c5c566db8c7fc2945582a24a02851082
2025-10-29,20,2923a7c3990777f6e12bacee960e1d72,"Michelle",1281,https://storage.googleapis.com/wbuserimages/prod/63652594-2923a7c3990777f6e12bacee960e1d72
2025-10-29,21,5c80a7e6da6632de5ad933a9838670c2,"Celestine Ebuka",1214,https://storage.googleapis.com/wbuserimages/prod/20083424-5c80a7e6da6632de5ad933a9838670c2
2025-10-29,22,7c725404ee3b78ec4dbf4c9aa7232e1a,"Jay",1201,https://storage.googleapis.com/wbuserimages/prod/17339371-7c725404ee3b78ec4dbf4c9aa7232e1a
2025-10-29,23,f2cf7eb43583e04a62054c79299839aa,"James",1193,https://storage.googleapis.com/wbuserimages/prod/14894378-f2cf7eb43583e04a62054c79299839aa
2025-10-29,24,d247b8ebeefb0f030bcd0bc582720e9c,"Lizette",1187,https://storage.googleapis.com/wbuserimages/prod/44629197-d247b8ebeefb0f030bcd0bc582720e9c
2025-10-29,25,f4e0a39a3dad42ccd54bbe7b9fba1488,"Emmanuel",1180,https://storage.googleapis.com/wbuserimages/prod/51337713-f4e0a39a3dad42ccd54bbe7b9fba1488
2025-10-29,26,bd2ee11f97b8f2a8d028f695d790c2aa,"Brandon",1160,https://storage.googleapis.com/wbuserimages/prod/37491434-bd2ee11f97b8f2a8d028f695d790c2aa
2025-10-29,27,800eca46a100354927f4d80b577a8f0e,"Kaleb",1146,https://storage.googleapis.com/wbuserimages/prod/19940464-800eca46a100354927f4d80b577a8f0e
2025-10-29,28,801b2f89bbbc2722fc9a1c772736caee,"Norman",1142,https://storage.googleapis.com/wbuserimages/prod/94280027-801b2f89bbbc2722fc9a1c772736caee
2025-10-29,29,e5d324b4eca1b03fc70c44746de537a7,"Benjamin",1139,https://storage.googleapis.com/wbuserimages/prod/65513248-e5d324b4eca1b03fc70c44746de537a7
2025-10-29,30,72fa75a07f88a9fd77ee2af82e33efd3,"Katie",1131,https://storage.googleapis.com/wbuserimages/prod/49531406-72fa75a07f88a9fd77ee2af82e33efd3
2025-10-29,31,21142d1e52d40b3b94cc5526174b8828,"Kath",1115,https://storage.googleapis.com/wbuserimages/prod/19673979-21142d1e52d40b3b94cc5526174b8828
2025-10-29,32,21fb3dd134ef7f254e1bb700b1cc4267,"Tongret",1071,https://storage.googleapis.com/wbuserimages/prod/48879919-21fb3dd134ef7f254e1bb700b1cc4267
2025-10-29,33,e455e647ad1de9774a8d728de7dd8c2c,"Debi",1056,https://storage.googleapis.com/wbuserimages/prod/37122610-e455e647ad1de9774a8d728de7dd8c2c
2025-10-29,34,c2e13ee4a1e81c34023a97599eff2e70,"Winston",1052,https://storage.googleapis.com/wbuserimages/prod/54071099-c2e13ee4a1e81c34023a97599eff2e70
2025-10-29,35,6c7c3649b1dbfe3c89438b138986d789,"Alfred",1027,https://storage.googleapis.com/wbuserimages/prod/62274970-6c7c3649b1dbfe3c89438b138986d789
2025-10-29,36,6c1dcb42648b016f4ebb87a627757cc2,"Emmanuel",977,https://storage.googleapis.com/wbuserimages/prod/46571486-6c1dcb42648b016f4ebb87a627757cc2
2025-10-29,37,b0a560a0d1c794ed435fa0eb72e4c085,"Frank",909,https://storage.googleapis.com/wbuserimages/prod/20210115-b0a560a0d1c794ed435fa0eb72e4c085
2025-10-29,38,647e8c20fea4d1577b88d3316f85c5a0,"Dan",807,https://storage.googleapis.com/wbuserimages/prod/19134989-647e8c20fea4d1577b88d3316f85c5a0
2025-10-29,39,d3d807cacfbc3e4f6ac48533b9b9d921,"Siobhan",797,https://storage.googleapis.com/wbuserimages/prod/1404665-d3d807cacfbc3e4f6ac48533b9b9d921
2025-10-29,,,"All arenas",490,
2025-10-30,1,13d27d58144a648163eaf818ac35c332,"Mitchell",2226,https://storage.googleapis.com/wbuserimages/prod/36233128-13d27d58144a648163eaf818ac35c332
2025-10-30,2,3b0f13b4cba146f2372524ff3b19c6fe,"Nick",2146,https://storage.googleapis.com/wbuserimages/prod/21360362-3b0f13b4cba146f2372524ff3b19c6fe
2025-10-30,3,f33247461c13011c6c8465f7aed94ddc,"Kitniti",2067,https://storage.googleapis.com/wbuserimages/prod/24453968-f33247461c13011c6c8465f7aed94ddc
2025-10-30,4,a0055187308a6831e6d914375d961273,"Darisch Rian",2007,https://storage.googleapis.com/wbuserimages/prod/38383096-a0055187308a6831e6d914375d961273
2025-10-30,5,d920213885f59abd9b181514e8ed0231,"Lewis",1985,https://storage.googleapis.com/wbuserimages/prod/94334483-d920213885f59abd9b181514e8ed0231
2025-10-30,6,98610e86acb0a629da17f0993ec0fd50,"奕安",1925,https://storage.googleapis.com/wbuserimages/prod/19924602-98610e86acb0a629da17f0993ec0fd50
2025-10-30,7,0f7455b7ea9925a9a50a2fa90060756d,"柏堯",1801,https://storage.googleapis.com/wbuserimages/prod/21610652-0f7455b7ea9925a9a50a2fa90060756d
2025-10-30,8,630645abeeda490b1745d81ca6fa7850,"文宏",1706,https://storage.googleapis.com/wbuserimages/prod/96424326-630645abeeda490b1745d81ca6fa7850
2025-10-30,9,676c8b8d1048a9b6f7dbb24b8c80b30c,"Goh",1684,https://storage.googleapis.com/wbuserimages/prod/19880174-676c8b8d1048a9b6f7dbb24b8c80b30c
2025-10-30,10,f5b76a1207cd52e580007eb2d7fcc6fa,"Kevin",1680,https://storage.googleapis.com/wbuserimages/prod/70351000-f5b76a1207cd52e580007eb2d7fcc6fa
2025-10-30,11,4c4b0872dc5e9964b8715ff68a609854,"Esuabom",1651,https://storage.googleapis.com/wbuserimages/prod/21596664-4c4b0872dc5e9964b8715ff68a609854
2025-10-30,12,2923a7c3990777f6e12bacee960e1d72,"Michelle",1610,https://storage.googleapis.com/wbuserimages/prod/63652594-2923a7c3990777f6e12bacee960e1d72
2025-10-30,13,0bcd00972615fab8942206546aff4662,"B.J.",1526,https://storage.googleapis.com/wbuserimages/prod/20046027-0bcd00972615fab8942206546aff4662
2025-10-30,14,5df0880cd272cf42f773100b2182e09e,"Daniel",1514,https://storage.googleapis.com/wbuserimages/prod/58718633-5df0880cd272cf42f773100b2182e09e
2025-10-30,15,dfec62ed27ec3e559347ee123c0c7a5a,"Louie James",1510,https://storage.googleapis.com/wbuserimages/prod/51042361-dfec62ed27ec3e559347ee123c0c7a5a
2025-10-30,16,bd2ee11f97b8f2a8d028f695d790c2aa,"Brandon",1501,https://storage.googleapis.com/wbuserimages/prod/37491434-bd2ee11f97b8f2a8d028f695d790c2aa
2025-10-30,17,c5c566db8c7fc2945582a24a02851082,"Kevin JD",1501,https://storage.googleapis.com/wbuserimages/prod/58066677-c5c566db8c7fc2945582a24a02851082
2025-10-30,18,51c6f6019317c84ce59b2f83962da383,"Sharon",1484,https://storage.googleapis.com/wbuserimages/prod/70319088-51c6f6019317c84ce59b2f83962da383
2025-10-30,19,d247b8ebeefb0f030bcd0bc582720e9c,"Lizette",1468,https://storage.googleapis.com/wbuserimages/prod/44629197-d247b8ebeefb0f030bcd0bc582720e9c
2025-10-30,20,525364925f8a9aee6c56c03886cdb6d2,"Paula",1461,https://storage.googleapis.com/wbuserimages/prod/52758524-525364925f8a9aee6c56c03886cdb6d2
2025-10-30,21,5c80a7e6da6632de5ad933a9838670c2,"Celestine Ebuka",1323,https://storage.googleapis.com/wbuserimages/prod/20083424-5c80a7e6da6632de5ad933a9838670c2
2025-10-30,22,c8e2e46a7e6e8394b1aa20ef5aef061a,"Michael",1291,https://storage.googleapis.com/wbuserimages/prod/116109165-c8e2e46a7e6e8394b1aa20ef5aef061a
2025-10-30,23,f2cf7eb43583e04a62054c79299839aa,"James",1287,https://storage.googleapis.com/wbuserimages/prod/14894378-f2cf7eb43583e04a62054c79299839aa
2025-10-30,24,6c7c3649b1dbfe3c89438b138986d789,"Alfred",1285,https://storage.googleapis.com/wbuserimages/prod/62274970-6c7c3649b1dbfe3c89438b138986d789
2025-10-30,25,21142d1e52d40b3b94cc5526174b8828,"Kath",1281,https://storage.googleapis.com/wbuserimages/prod/19673979-21142d1e52d40b3b94cc5526174b8828
2025-10-30,26,48274afae7cea4d80557100174a63739,"Labo",1272,https://storage.googleapis.com/wbuserimages/prod/79561473-48274afae7cea4d80557100174a63739
2025-10-30,27,e5d324b4eca1b03fc70c44746de537a7,"Benjamin",1258,https://storage.googleapis.com/wbuserimages/prod/65513248-e5d324b4eca1b03fc70c44746de537a7
2025-10-30,28,7c725404ee3b78ec4dbf4c9aa7232e1a,"Jay",1206,https://storage.googleapis.com/wbuserimages/prod/17339371-7c725404ee3b78ec4dbf4c9aa7232e1a
2025-10-30,29,e455e647ad1de9774a8d728de7dd8c2c,"Debi",1191,https://storage.googleapis.com/wbuserimages/prod/37122610-e455e647ad1de9774a8d728de7dd8c2c
2025-10-30,30,801b2f89bbbc2722fc9a1c772736caee,"Norman",1162,https://storage.googleapis.com/wbuserimages/prod/94280027-801b2f89bbbc2722fc9a1c772736caee
2025-10-30,31,f4e0a39a3dad42ccd54bbe7b9fba1488,"Emmanuel",1160,https://storage.googleapis.com/wbuserimages/prod/51337713-f4e0a39a3dad42ccd54bbe7b9fba1488
2025-10-30,32,c2e13ee4a1e81c34023a97599eff2e70,"Winston",1131,https://storage.googleapis.com/wbuserimages/prod/54071099-c2e13ee4a1e81c34023a97599eff2e70
2025-10-30,33,800eca46a100354927f4d80b577a8f0e,"Kaleb",1119,https://storage.googleapis.com/wbuserimages/prod/19940464-800eca46a100354927f4d80b577a8f0e
2025-10-30,34,74fcbe08f5d329ae394d1b4482b25341,"Loretta",1076,https://storage.googleapis.com/wbuserimages/prod/19730361-74fcbe08f5d329ae394d1b4482b25341
2025-10-30,35,5d8dc7a4eb1cbd9cd99ec2fd8c57f759,"Michael",1056,https://storage.googleapis.com/wbuserimages/prod/55096107-5d8dc7a4eb1cbd9cd99ec2fd8c57f759
2025-10-30,36,21fb3dd134ef7f254e1bb700b1cc4267,"Tongret",1044,https://storage.googleapis.com/wbuserimages/prod/48879919-21fb3dd134ef7f254e1bb700b1cc4267
2025-10-30,37,72fa75a07f88a9fd77ee2af82e33efd3,"Katie",1040,https://storage.googleapis.com/wbuserimages/prod/49531406-72fa75a07f88a9fd77ee2af82e33efd3
2025-10-30,38,647e8c20fea4d1577b88d3316f85c5a0,"Dan",1017,https://storage.googleapis.com/wbuserimages/prod/19134989-647e8c20fea4d1577b88d3316f85c5a0
2025-10-30,39,b0a560a0d1c794ed435fa0eb72e4c085,"Frank",1004,https://storage.googleapis.com/wbuserimages/prod/20210115-b0a560a0d1c794ed435fa0eb72e4c085
2025-10-30,,,"All arenas",526,
2025-10-31,1,13d27d58144a648163eaf818ac35c332,"Mitchell",2542,https://storage.googleapis.com/wbuserimages/prod/36233128-13d27d58144a648163eaf818ac35c332
2025-10-31,2,f5b76a1207cd52e580007eb2d7fcc6fa,"Kevin",2271,https://storage.googleapis.com/wbuserimages/prod/70351000-f5b76a1207cd52e580007eb2d7fcc6fa
2025-10-31,3,87748a7dc543b6e9a10e2d7a6184aa3e,"Jeremy",2152,https://storage.googleapis.com/wbuserimages/prod/111415247-87748a7dc543b6e9a10e2d7a6184aa3e
2025-10-31,4,676c8b8d1048a9b6f7dbb24b8c80b30c,"Goh",2149,https://storage.googleapis.com/wbuserimages/prod/19880174-676c8b8d1048a9b6f7dbb24b8c80b30c
2025-10-31,5,d920213885f59abd9b181514e8ed0231,"Lewis",2073,https://storage.googleapis.com/wbuserimages/prod/94334483-d920213885f59abd9b181514e8ed0231
2025-10-31,6,f33247461c13011c6c8465f7aed94ddc,"Kitniti",2064,https://storage.googleapis.com/wbuserimages/prod/24453968-f33247461c13011c6c8465f7aed94ddc
2025-10-31,7,4c4b0872dc5e9964b8715ff68a609854,"Esuabom",2034,https://storage.googleapis.com/wbuserimages/prod/21596664-4c4b0872dc5e9964b8715ff68a609854
2025-10-31,8,2923a7c3990777f6e12bacee960e1d72,"Michelle",1819,https://storage.googleapis.com/wbuserimages/prod/63652594-2923a7c3990777f6e12bacee960e1d72
2025-10-31,9,a0055187308a6831e6d914375d961273,"Darisch Rian",1785,https://storage.googleapis.com/wbuserimages/prod/38383096-a0055187308a6831e6d914375d961273
2025-10-31,10,98610e86acb0a629da17f0993ec0fd50,"奕安",1783,https://storage.googleapis.com/wbuserimages/prod/19924602-98610e86acb0a629da17f0993ec0fd50
2025-10-31,11,c8e2e46a7e6e8394b1aa20ef5aef061a,"Michael",1639,https://storage.googleapis.com/wbuserimages/prod/116109165-c8e2e46a7e6e8394b1aa20ef5aef061a
2025-10-31,12,c5c566db8c7fc2945582a24a02851082,"Kevin JD",1608,https://storage.googleapis.com/wbuserimages/prod/58066677-c5c566db8c7fc2945582a24a02851082
2025-10-31,13,6c7c3649b1dbfe3c89438b138986d789,"Alfred",1582,https://storage.googleapis.com/wbuserimages/prod/62274970-6c7c3649b1dbfe3c89438b138986d789
2025-10-31,14,f2cf7eb43583e04a62054c79299839aa,"James",1568,https://storage.googleapis.com/wbuserimages/prod/14894378-f2cf7eb43583e04a62054c79299839aa
2025-10-31,15,5df0880cd272cf42f773100b2182e09e,"Daniel",1557,https://storage.googleapis.com/wbuserimages/prod/58718633-5df0880cd272cf42f773100b2182e09e
2025-10-31,16,dfec62ed27ec3e559347ee123c0c7a5a,"Louie James",1555,https://storage.googleapis.com/wbuserimages/prod/51042361-dfec62ed27ec3e559347ee123c0c7a5a
2025-10-31,17,0bcd00972615fab8942206546aff4662,"B.J.",1539,https://storage.googleapis.com/wbuserimages/prod/20046027-0bcd00972615fab8942206546aff4662
2025-10-31,18,630645abeeda490b1745d81ca6fa7850,"文宏",1537,https://storage.googleapis.com/wbuserimages/prod/96424326-630645abeeda490b1745d81ca6fa7850
2025-10-31,19,d247b8ebeefb0f030bcd0bc582720e9c,"Lizette",1523,https://storage.googleapis.com/wbuserimages/prod/44629197-d247b8ebeefb0f030bcd0bc582720e9c
2025-10-31,20,51c6f6019317c84ce59b2f83962da383,"Sharon",1520,https://storage.googleapis.com/wbuserimages/prod/70319088-51c6f6019317c84ce59b2f83962da383
2025-10-31,21,21142d1e52d40b3b94cc5526174b8828,"Kath",1466,https://storage.googleapis.com/wbuserimages/prod/19673979-21142d1e52d40b3b94cc5526174b8828
2025-10-31,22,f4e0a39a3dad42ccd54bbe7b9fba1488,"Emmanuel",1465,https://storage.googleapis.com/wbuserimages/prod/51337713-f4e0a39a3dad42ccd54bbe7b9fba1488
2025-10-31,23,7c725404ee3b78ec4dbf4c9aa7232e1a,"Jay",1463,https://storage.googleapis.com/wbuserimages/prod/17339371-7c725404ee3b78ec4dbf4c9aa7232e1a
2025-10-31,24,21fb3dd134ef7f254e1bb700b1cc4267,"Tongret",1456,https://storage.googleapis.com/wbuserimages/prod/48879919-21fb3dd134ef7f254e1bb700b1cc4267
2025-10-31,25,525364925f8a9aee6c56c03886cdb6d2,"Paula",1441,https://storage.googleapis.com/wbuserimages/prod/52758524-525364925f8a9aee6c56c03886cdb6d2
2025-10-31,26,801b2f89bbbc2722fc9a1c772736caee,"Norman",1426,https://storage.googleapis.com/wbuserimages/prod/94280027-801b2f89bbbc2722fc9a1c772736caee
2025-10-31,27,c2e13ee4a1e81c34023a97599eff2e70,"Winston",1412,https://storage.googleapis.com/wbuserimages/prod/54071099-c2e13ee4a1e81c34023a97599eff2e70
2025-10-31,28,e455e647ad1de9774a8d728de7dd8c2c,"Debi",1373,https://storage.googleapis.com/wbuserimages/prod/37122610-e455e647ad1de9774a8d728de7dd8c2c
2025-10-31,29,5c80a7e6da6632de5ad933a9838670c2,"Celestine Ebuka",1304,https://storage.googleapis.com/wbuserimages/prod/20083424-5c80a7e6da6632de5ad933a9838670c2
2025-10-31,30,e77ed6831e1122b6cab87ce1d42c2d26,"Yannis",1297,https://storage.googleapis.com/wbuserimages/prod/103862274-e77ed6831e1122b6cab87ce1d42c2d26
2025-10-31,31,48274afae7cea4d80557100174a63739,"Labo",1280,https://storage.googleapis.com/wbuserimages/prod/79561473-48274afae7cea4d80557100174a63739
2025-10-31,32,5d8dc7a4eb1cbd9cd99ec2fd8c57f759,"Michael",1168,https://storage.googleapis.com/wbuserimages/prod/55096107-5d8dc7a4eb1cbd9cd99ec2fd8c57f759
2025-10-31,33,72fa75a07f88a9fd77ee2af82e33efd3,"Katie",1148,https://storage.googleapis.com/wbuserimages/prod/49531406-72fa75a07f88a9fd77ee2af82e33efd3
2025-10-31,34,e5d324b4eca1b03fc70c44746de537a7,"Benjamin",1077,https://storage.googleapis.com/wbuserimages/prod/65513248-e5d324b4eca1b03fc70c44746de537a7
2025-10-31,35,800eca46a100354927f4d80b577a8f0e,"Kaleb",1026,https://storage.googleapis.com/wbuserimages/prod/19940464-800eca46a100354927f4d80b577a8f0e
2025-10-31,36,b0a560a0d1c794ed435fa0eb72e4c085,"Frank",1025,https://storage.googleapis.com/wbuserimages/prod/20210115-b0a560a0d1c794ed435fa0eb72e4c085
2025-10-31,37,647e8c20fea4d1577b88d3316f85c5a0,"Dan",813,https://storage.googleapis.com/wbuserimages/prod/19134989-647e8c20fea4d1577b88d3316f85c5a0
2025-10-31,38,47438349afbcbd9d2fc4390df71617f7,"Krys",651,https://storage.googleapis.com/wbuserimages/prod/20197921-47438349afbcbd9d2fc4390df71617f7
2025-10-31,,,"All arenas",554,
2025-11-01,1,13d27d58144a648163eaf818ac35c332,"Mitchell",5923,https://storage.googleapis.com/wbuserimages/prod/36233128-13d27d58144a648163eaf818ac35c332
2025-11-01,2,87748a7dc543b6e9a10e2d7a6184aa3e,"Jeremy",4779,https://storage.googleapis.com/wbuserimages/prod/111415247-87748a7dc543b6e9a10e2d7a6184aa3e
2025-11-01,3,3b0f13b4cba146f2372524ff3b19c6fe,"Nick",4494,https://storage.googleapis.com/wbuserimages/prod/21360362-3b0f13b4cba146f2372524ff3b19c6fe
2025-11-01,4,d920213885f59abd9b181514e8ed0231,"Lewis",4170,https://storage.googleapis.com/wbuserimages/prod/94334483-d920213885f59abd9b181514e8ed0231
2025-11-01,5,f33247461c13011c6c8465f7aed94ddc,"Kitniti",4117,https://storage.googleapis.com/wbuserimages/prod/24453968-f33247461c13011c6c8465f7aed94ddc
2025-11-01,6,4c4b0872dc5e9964b8715ff68a609854,"Esuabom",3667,https://storage.googleapis.com/wbuserimages/prod/21596664-4c4b0872dc5e9964b8715ff68a609854
2025-11-01,7,f5b76a1207cd52e580007eb2d7fcc6fa,"Kevin",3344,https://storage.googleapis.com/wbuserimages/prod/70351000-f5b76a1207cd52e580007eb2d7fcc6fa
2025-11-01,8,2923a7c3990777f6e12bacee960e1d72,"Michelle",3322,https://storage.googleapis.com/wbuserimages/prod/63652594-2923a7c3990777f6e12bacee960e1d72
2025-11-01,9,a0055187308a6831e6d914375d961273,"Darisch Rian",3293,https://storage.googleapis.com/wbuserimages/prod/38383096-a0055187308a6831e6d914375d961273
2025-11-01,10,0f7455b7ea9925a9a50a2fa90060756d,"柏堯",3248,https://storage.googleapis.com/wbuserimages/prod/21610652-0f7455b7ea9925a9a50a2fa90060756d
2025-11-01,11,7c725404ee3b78ec4dbf4c9aa7232e1a,"Jay",3210,https://storage.googleapis.com/wbuserimages/prod/17339371-7c725404ee3b78ec4dbf4c9aa7232e1a
2025-11-01,12,525364925f8a9aee6c56c03886cdb6d2,"Paula",3110,https://storage.googleapis.com/wbuserimages/prod/52758524-525364925f8a9aee6c56c03886cdb6d2
2025-11-01,13,c8e2e46a7e6e8394b1aa20ef5aef061a,"Michael",3089,https://storage.googleapis.com/wbuserimages/prod/116109165-c8e2e46a7e6e8394b1aa20ef5aef061a
2025-11-01,14,676c8b8d1048a9b6f7dbb24b8c80b30c,"Goh",3087,https://storage.googleapis.com/wbuserimages/prod/19880174-676c8b8d1048a9b6f7dbb24b8c80b30c
2025-11-01,15,98610e86acb0a629da17f0993ec0fd50,"奕安",3042,https://storage.googleapis.com/wbuserimages/prod/19924602-98610e86acb0a629da17f0993ec0fd50
2025-11-01,16,c5c566db8c7fc2945582a24a02851082,"Kevin JD",3024,https://storage.googleapis.com/wbuserimages/prod/58066677-c5c566db8c7fc2945582a24a02851082
2025-11-01,17,51c6f6019317c84ce59b2f83962da383,"Sharon",2988,https://storage.googleapis.com/wbuserimages/prod/70319088-51c6f6019317c84ce59b2f83962da383
2025-11-01,18,5df0880cd272cf42f773100b2182e09e,"Daniel",2974,https://storage.googleapis.com/wbuserimages/prod/58718633-5df0880cd272cf42f773100b2182e09e
2025-11-01,19,f2cf7eb43583e04a62054c79299839aa,"James",2830,https://storage.googleapis.com/wbuserimages/prod/14894378-f2cf7eb43583e04a62054c79299839aa
2025-11-01,20,630645abeeda490b1745d81ca6fa7850,"文宏",2721,https://storage.googleapis.com/wbuserimages/prod/96424326-630645abeeda490b1745d81ca6fa7850
2025-11-01,21,21fb3dd134ef7f254e1bb700b1cc4267,"Tongret",2678,https://storage.googleapis.com/wbuserimages/prod/48879919-21fb3dd134ef7f254e1bb700b1cc4267
2025-11-01,22,d3d807cacfbc3e4f6ac48533b9b9d921,"Siobhan",2644,https://storage.googleapis.com/wbuserimages/prod/1404665-d3d807cacfbc3e4f6ac48533b9b9d921
2025-11-01,23,d247b8ebeefb0f030bcd0bc582720e9c,"Lizette",2630,https://storage.googleapis.com/wbuserimages/prod/44629197-d247b8ebeefb0f030bcd0bc582720e9c
2025-11-01,24,800eca46a100354927f4d80b577a8f0e,"Kaleb",2556,https://storage.googleapis.com/wbuserimages/prod/19940464-800eca46a100354927f4d80b577a8f0e
2025-11-01,25,e455e647ad1de9774a8d728de7dd8c2c,"Debi",2481,https://storage.googleapis.com/wbuserimages/prod/37122610-e455e647ad1de9774a8d728de7dd8c2c
2025-11-01,26,e5d324b4eca1b03fc70c44746de537a7,"Benjamin",2432,https://storage.googleapis.com/wbuserimages/prod/65513248-e5d324b4eca1b03fc70c44746de537a7
2025-11-01,27,dfec62ed27ec3e559347ee123c0c7a5a,"Louie James",2354,https://storage.googleapis.com/wbuserimages/prod/51042361-dfec62ed27ec3e559347ee123c0c7a5a
2025-11-01,28,5c80a7e6da6632de5ad933a9838670c2,"Celestine Ebuka",2286,https://storage.googleapis.com/wbuserimages/prod/20083424-5c80a7e6da6632de5ad933a9838670c2
2025-11-01,29,801b2f89bbbc2722fc9a1c772736caee,"Norman",2210,https://storage.googleapis.com/wbuserimages/prod/94280027-801b2f89bbbc2722fc9a1c772736caee
2025-11-01,30,21142d1e52d40b3b94cc5526174b8828,"Kath",2169,https://storage.googleapis.com/wbuserimages/prod/19673979-21142d1e52d40b3b94cc5526174b8828
2025-11-01,31,b0a560a0d1c794ed435fa0eb72e4c085,"Frank",1937,https://storage.googleapis.com/wbuserimages/prod/20210115-b0a560a0d1c794ed435fa0eb72e4c085
2025-11-01,32,72fa75a07f88a9fd77ee2af82e33efd3,"Katie",1803,https://storage.googleapis.com/wbuserimages/prod/49531406-72fa75a07f88a9fd77ee2af82e33efd3
2025-11-01,33,6c7c3649b1dbfe3c89438b138986d789,"Alfred",1771,https://storage.googleapis.com/wbuserimages/prod/62274970-6c7c3649b1dbfe3c89438b138986d789
2025-11-01,34,f4e0a39a3dad42ccd54bbe7b9fba1488,"Emmanuel",1751,https://storage.googleapis.com/wbuserimages/prod/51337713-f4e0a39a3dad42ccd54bbe7b9fba1488
2025-11-01,35,647e8c20fea4d1577b88d3316f85c5a0,"Dan",1635,https://storage.googleapis.com/wbuserimages/prod/19134989-647e8c20fea4d1577b88d3316f85c5a0
2025-11-01,36,47438349afbcbd9d2fc4390df71617f7,"Krys",1485,https://storage.googleapis.com/wbuserimages/prod/20197921-47438349afbcbd9d2fc4390df71617f7
2025-11-01,,,"All arenas",926,
2025-11-02,1,13d27d58144a648163eaf818ac35c332,"Mitchell",2673,https://storage.googleapis.com/wbuserimages/prod/36233128-13d27d58144a648163eaf818ac35c332
2025-11-02,2,3b0f13b4cba146f2372524ff3b19c6fe,"Nick",2507,https://storage.googleapis.com/wbuserimages/prod/21360362-3b0f13b4cba146f2372524ff3b19c6fe
2025-11-02,3,6db5d348a7fe7079e871fd8af0c91347,"Chris",2490,https://storage.googleapis.com/wbuserimages/prod/35664395-6db5d348a7fe7079e871fd8af0c91347
2025-11-02,4,f5b76a1207cd52e580007eb2d7fcc6fa,"Kevin",2460,https://storage.googleapis.com/wbuserimages/prod/70351000-f5b76a1207cd52e580007eb2d7fcc6fa
2025-11-02,5,dfec62ed27ec3e559347ee123c0c7a5a,"Louie James",2436,https://storage.googleapis.com/wbuserimages/prod/51042361-dfec62ed27ec3e559347ee123c0c7a5a
2025-11-02,6,51c6f6019317c84ce59b2f83962da383,"Sharon",2355,https://storage.googleapis.com/wbuserimages/prod/70319088-51c6f6019317c84ce59b2f83962da383
2025-11-02,7,f33247461c13011c6c8465f7aed94ddc,"Kitniti",2283,https://storage.googleapis.com/wbuserimages/prod/24453968-f33247461c13011c6c8465f7aed94ddc
2025-11-02,8,0bcd00972615fab8942206546aff4662,"B.J.",2267,https://storage.googleapis.com/wbuserimages/prod/20046027-0bcd00972615fab8942206546aff4662
2025-11-02,9,d920213885f59abd9b181514e8ed0231,"Lewis",2233,https://storage.googleapis.com/wbuserimages/prod/94334483-d920213885f59abd9b181514e8ed0231
2025-11-02,10,0f7455b7ea9925a9a50a2fa90060756d,"柏堯",2197,https://storage.googleapis.com/wbuserimages/prod/21610652-0f7455b7ea9925a9a50a2fa90060756d
2025-11-02,11,2923a7c3990777f6e12bacee960e1d72,"Michelle",2195,https://storage.googleapis.com/wbuserimages/prod/63652594-2923a7c3990777f6e12bacee960e1d72
2025-11-02,12,a0055187308a6831e6d914375d961273,"Darisch Rian",2175,https://storage.googleapis.com/wbuserimages/prod/38383096-a0055187308a6831e6d914375d961273
2025-11-02,13,676c8b8d1048a9b6f7dbb24b8c80b30c,"Goh",2126,https://storage.googleapis.com/wbuserimages/prod/19880174-676c8b8d1048a9b6f7dbb24b8c80b30c
2025-11-02,14,c8e2e46a7e6e8394b1aa20ef5aef061a,"Michael",2123,https://storage.googleapis.com/wbuserimages/prod/116109165-c8e2e46a7e6e8394b1aa20ef5aef061a
2025-11-02,15,98610e86acb0a629da17f0993ec0fd50,"奕安",2119,https://storage.googleapis.com/wbuserimages/prod/19924602-98610e86acb0a629da17f0993ec0fd50
2025-11-02,16,82d7d89cdfdc4bd0f359b894e998cf98,"Barry",2097,https://storage.googleapis.com/wbuserimages/prod/118842798-82d7d89cdfdc4bd0f359b894e998cf98
2025-11-02,17,525364925f8a9aee6c56c03886cdb6d2,"Paula",2080,https://storage.googleapis.com/wbuserimages/prod/52758524-525364925f8a9aee6c56c03886cdb6d2
2025-11-02,18,d247b8ebeefb0f030bcd0bc582720e9c,"Lizette",2074,https://storage.googleapis.com/wbuserimages/prod/44629197-d247b8ebeefb0f030bcd0bc582720e9c
2025-11-02,19,800eca46a100354927f4d80b577a8f0e,"Kaleb",2067,https://storage.googleapis.com/wbuserimages/prod/19940464-800eca46a100354927f4d80b577a8f0e
2025-11-02,20,630645abeeda490b1745d81ca6fa7850,"文宏",2060,https://storage.googleapis.com/wbuserimages/prod/96424326-630645abeeda490b1745d81ca6fa7850
2025-11-02,21,c5c566db8c7fc2945582a24a02851082,"Kevin JD",2060,https://storage.googleapis.com/wbuserimages/prod/58066677-c5c566db8c7fc2945582a24a02851082
2025-11-02,22,4c4b0872dc5e9964b8715ff68a609854,"Esuabom",2047,https://storage.googleapis.com/wbuserimages/prod/21596664-4c4b0872dc5e9964b8715ff68a609854
2025-11-02,23,21fb3dd134ef7f254e1bb700b1cc4267,"Tongret",2008,https://storage.googleapis.com/wbuserimages/prod/48879919-21fb3dd134ef7f254e1bb700b1cc4267
2025-11-02,24,f4e0a39a3dad42ccd54bbe7b9fba1488,"Emmanuel",1916,https://storage.googleapis.com/wbuserimages/prod/51337713-f4e0a39a3dad42ccd54bbe7b9fba1488
2025-11-02,25,c2e13ee4a1e81c34023a97599eff2e70,"Winston",1821,https://storage.googleapis.com/wbuserimages/prod/54071099-c2e13ee4a1e81c34023a97599eff2e70
2025-11-02,26,5df0880cd272cf42f773100b2182e09e,"Daniel",1815,https://storage.googleapis.com/wbuserimages/prod/58718633-5df0880cd272cf42f773100b2182e09e
2025-11-02,27,b0f6d84ebda898825703576571519899,"Shikari",1804,https://storage.googleapis.com/wbuserimages/prod/50546747-b0f6d84ebda898825703576571519899
2025-11-02,28,f2cf7eb43583e04a62054c79299839aa,"James",1791,https://storage.googleapis.com/wbuserimages/prod/14894378-f2cf7eb43583e04a62054c79299839aa
2025-11-02,29,fdaa2e4e18937706b6ed39b8f806cb86,"Ck",1788,https://storage.googleapis.com/wbuserimages/prod/20259757-fdaa2e4e18937706b6ed39b8f806cb86
2025-11-02,30,5c80a7e6da6632de5ad933a9838670c2,"Celestine Ebuka",1731,https://storage.googleapis.com/wbuserimages/prod/20083424-5c80a7e6da6632de5ad933a9838670c2
2025-11-02,31,72fa75a07f88a9fd77ee2af82e33efd3,"Katie",1727,https://storage.googleapis.com/wbuserimages/prod/49531406-72fa75a07f88a9fd77ee2af82e33efd3
2025-11-02,32,91c00e853e43dadbd6a5fedf16181d7c,"Heather",1712,https://storage.googleapis.com/wbuserimages/prod/19953664-91c00e853e43dadbd6a5fedf16181d7c
2025-11-02,33,e455e647ad1de9774a8d728de7dd8c2c,"Debi",1702,https://storage.googleapis.com/wbuserimages/prod/37122610-e455e647ad1de9774a8d728de7dd8c2c
2025-11-02,34,801b2f89bbbc2722fc9a1c772736caee,"Norman",1697,https://storage.googleapis.com/wbuserimages/prod/94280027-801b2f89bbbc2722fc9a1c772736caee
2025-11-02,35,c2fb2c86593c815948595ed295b441e0,"Todd",1630,https://storage.googleapis.com/wbuserimages/prod/73578417-c2fb2c86593c815948595ed295b441e0
2025-11-02,36,e77ed6831e1122b6cab87ce1d42c2d26,"Yannis",1607,https://storage.googleapis.com/wbuserimages/prod/103862274-e77ed6831e1122b6cab87ce1d42c2d26
2025-11-02,37,6c7c3649b1dbfe3c89438b138986d789,"Alfred",1575,https://storage.googleapis.com/wbuserimages/prod/62274970-6c7c3649b1dbfe3c89438b138986d789
2025-11-02,38,e5d324b4eca1b03fc70c44746de537a7,"Benjamin",1527,https://storage.googleapis.com/wbuserimages/prod/65513248-e5d324b4eca1b03fc70c44746de537a7
2025-11-02,39,5d8dc7a4eb1cbd9cd99ec2fd8c57f759,"Michael",1452,https://storage.googleapis.com/wbuserimages/prod/55096107-5d8dc7a4eb1cbd9cd99ec2fd8c57f759
2025-11-02,40,21142d1e52d40b3b94cc5526174b8828,"Kath",1302,https://storage.googleapis.com/wbuserimages/prod/19673979-21142d1e52d40b3b94cc5526174b8828
2025-11-02,41,11452a2c81832acabfceb6c0acf41140,"David",1239,https://storage.googleapis.com/wbuserimages/prod/19835678-11452a2c81832acabfceb6c0acf41140
2025-11-02,42,b0a560a0d1c794ed435fa0eb72e4c085,"Frank",1220,https://storage.googleapis.com/wbuserimages/prod/20210115-b0a560a0d1c794ed435fa0eb72e4c085
2025-11-02,43,647e8c20fea4d1577b88d3316f85c5a0,"Dan",1109,https://storage.googleapis.com/wbuserimages/prod/19134989-647e8c20fea4d1577b88d3316f85c5a0
2025-11-02,44,47438349afbcbd9d2fc4390df71617f7,"Krys",1059,https://storage.googleapis.com/wbuserimages/prod/20197921-47438349afbcbd9d2fc4390df71617f7
2025-11-02,,,"All arenas",798,
2025-11-03,1,87748a7dc543b6e9a10e2d7a6184aa3e,"Jeremy",1310,https://storage.googleapis.com/wbuserimages/prod/111415247-87748a7dc543b6e9a10e2d7a6184aa3e
2025-11-03,2,f33247461c13011c6c8465f7aed94ddc,"Kitniti",1273,https://storage.googleapis.com/wbuserimages/prod/24453968-f33247461c13011c6c8465f7aed94ddc
2025-11-03,3,13d27d58144a648163eaf818ac35c332,"Mitchell",1261,https://storage.googleapis.com/wbuserimages/prod/36233128-13d27d58144a648163eaf818ac35c332
2025-11-03,4,d920213885f59abd9b181514e8ed0231,"Lewis",1245,https://storage.googleapis.com/wbuserimages/prod/94334483-d920213885f59abd9b181514e8ed0231
2025-11-03,5,a0055187308a6831e6d914375d961273,"Darisch Rian",1242,https://storage.googleapis.com/wbuserimages/prod/38383096-a0055187308a6831e6d914375d961273
2025-11-03,6,676c8b8d1048a9b6f7dbb24b8c80b30c,"Goh",1181,https://storage.googleapis.com/wbuserimages/prod/19880174-676c8b8d1048a9b6f7dbb24b8c80b30c
2025-11-03,7,6db5d348a7fe7079e871fd8af0c91347,"Chris",1130,https://storage.googleapis.com/wbuserimages/prod/35664395-6db5d348a7fe7079e871fd8af0c91347
2025-11-03,8,c8e2e46a7e6e8394b1aa20ef5aef061a,"Michael",1114,https://storage.googleapis.com/wbuserimages/prod/116109165-c8e2e46a7e6e8394b1aa20ef5aef061a
2025-11-03,9,2923a7c3990777f6e12bacee960e1d72,"Michelle",1102,https://storage.googleapis.com/wbuserimages/prod/63652594-2923a7c3990777f6e12bacee960e1d72
2025-11-03,10,4c4b0872dc5e9964b8715ff68a609854,"Esuabom",1093,https://storage.googleapis.com/wbuserimages/prod/21596664-4c4b0872dc5e9964b8715ff68a609854
2025-11-03,11,f5b76a1207cd52e580007eb2d7fcc6fa,"Kevin",1087,https://storage.googleapis.com/wbuserimages/prod/70351000-f5b76a1207cd52e580007eb2d7fcc6fa
2025-11-03,12,98610e86acb0a629da17f0993ec0fd50,"奕安",1044,https://storage.googleapis.com/wbuserimages/prod/19924602-98610e86acb0a629da17f0993ec0fd50
2025-11-03,13,3b0f13b4cba146f2372524ff3b19c6fe,"Nick",980,https://storage.googleapis.com/wbuserimages/prod/21360362-3b0f13b4cba146f2372524ff3b19c6fe
2025-11-03,14,525364925f8a9aee6c56c03886cdb6d2,"Paula",980,https://storage.googleapis.com/wbuserimages/prod/52758524-525364925f8a9aee6c56c03886cdb6d2
2025-11-03,15,0f7455b7ea9925a9a50a2fa90060756d,"柏堯",976,https://storage.googleapis.com/wbuserimages/prod/21610652-0f7455b7ea9925a9a50a2fa90060756d
2025-11-03,16,21fb3dd134ef7f254e1bb700b1cc4267,"Tongret",941,https://storage.googleapis.com/wbuserimages/prod/48879919-21fb3dd134ef7f254e1bb700b1cc4267
2025-11-03,17,0bcd00972615fab8942206546aff4662,"B.J.",924,https://storage.googleapis.com/wbuserimages/prod/20046027-0bcd00972615fab8942206546aff4662
2025-11-03,18,e455e647ad1de9774a8d728de7dd8c2c,"Debi",919,https://storage.googleapis.com/wbuserimages/prod/37122610-e455e647ad1de9774a8d728de7dd8c2c
2025-11-03,19,51c6f6019317c84ce59b2f83962da383,"Sharon",915,https://storage.googleapis.com/wbuserimages/prod/70319088-51c6f6019317c84ce59b2f83962da383
2025-11-03,20,21142d1e52d40b3b94cc5526174b8828,"Kath",909,https://storage.googleapis.com/wbuserimages/prod/19673979-21142d1e52d40b3b94cc5526174b8828
2025-11-03,21,630645abeeda490b1745d81ca6fa7850,"文宏",872,https://storage.googleapis.com/wbuserimages/prod/96424326-630645abeeda490b1745d81ca6fa7850
2025-11-03,22,7c725404ee3b78ec4dbf4c9aa7232e1a,"Jay",856,https://storage.googleapis.com/wbuserimages/prod/17339371-7c725404ee3b78ec4dbf4c9aa7232e1a
2025-11-03,23,c5c566db8c7fc2945582a24a02851082,"Kevin JD",849,https://storage.googleapis.com/wbuserimages/prod/58066677-c5c566db8c7fc2945582a24a02851082
2025-11-03,24,d247b8ebeefb0f030bcd0bc582720e9c,"Lizette",843,https://storage.googleapis.com/wbuserimages/prod/44629197-d247b8ebeefb0f030bcd0bc582720e9c
2025-11-03,25,dfec62ed27ec3e559347ee123c0c7a5a,"Louie James",828,https://storage.googleapis.com/wbuserimages/prod/51042361-dfec62ed27ec3e559347ee123c0c7a5a
2025-11-03,26,b0f6d84ebda898825703576571519899,"Shikari",828,https://storage.googleapis.com/wbuserimages/prod/50546747-b0f6d84ebda898825703576571519899
2025-11-03,27,e5d324b4eca1b03fc70c44746de537a7,"Benjamin",825,https://storage.googleapis.com/wbuserimages/prod/65513248-e5d324b4eca1b03fc70c44746de537a7
2025-11-03,28,800eca46a100354927f4d80b577a8f0e,"Kaleb",793,https://storage.googleapis.com/wbuserimages/prod/19940464-800eca46a100354927f4d80b577a8f0e
2025-11-03,29,5c80a7e6da6632de5ad933a9838670c2,"Celestine Ebuka",773,https://storage.googleapis.com/wbuserimages/prod/20083424-5c80a7e6da6632de5ad933a9838670c2
2025-11-03,30,c2fb2c86593c815948595ed295b441e0,"Todd",767,https://storage.googleapis.com/wbuserimages/prod/73578417-c2fb2c86593c815948595ed295b441e0
2025-11-03,31,5df0880cd272cf42f773100b2182e09e,"Daniel",759,https://storage.googleapis.com/wbuserimages/prod/58718633-5df0880cd272cf42f773100b2182e09e
2025-11-03,32,f2cf7eb43583e04a62054c79299839aa,"James",747,https://storage.googleapis.com/wbuserimages/prod/14894378-f2cf7eb43583e04a62054c79299839aa
2025-11-03,33,c2e13ee4a1e81c34023a97599eff2e70,"Winston",725,https://storage.googleapis.com/wbuserimages/prod/54071099-c2e13ee4a1e81c34023a97599eff2e70
2025-11-03,34,48274afae7cea4d80557100174a63739,"Labo",723,https://storage.googleapis.com/wbuserimages/prod/79561473-48274afae7cea4d80557100174a63739
2025-11-03,35,72fa75a07f88a9fd77ee2af82e33efd3,"Katie",718,https://storage.googleapis.com/wbuserimages/prod/49531406-72fa75a07f88a9fd77ee2af82e33efd3
2025-11-03,36,91c00e853e43dadbd6a5fedf16181d7c,"Heather",647,https://storage.googleapis.com/wbuserimages/prod/19953664-91c00e853e43dadbd6a5fedf16181d7c
2025-11-03,37,11452a2c81832acabfceb6c0acf41140,"David",627,https://storage.googleapis.com/wbuserimages/prod/19835678-11452a2c81832acabfceb6c0acf41140
2025-11-03,38,6c7c3649b1dbfe3c89438b138986d789,"Alfred",623,https://storage.googleapis.com/wbuserimages/prod/62274970-6c7c3649b1dbfe3c89438b138986d789
2025-11-03,39,647e8c20fea4d1577b88d3316f85c5a0,"Dan",604,https://storage.googleapis.com/wbuserimages/prod/19134989-647e8c20fea4d1577b88d3316f85c5a0
2025-11-03,40,5d8dc7a4eb1cbd9cd99ec2fd8c57f759,"Michael",563,https://storage.googleapis.com/wbuserimages/prod/55096107-5d8dc7a4eb1cbd9cd99ec2fd8c57f759
2025-11-03,41,801b2f89bbbc2722fc9a1c772736caee,"Norman",563,https://storage.googleapis.com/wbuserimages/prod/94280027-801b2f89bbbc2722fc9a1c772736caee
2025-11-03,42,b0a560a0d1c794ed435fa0eb72e4c085,"Frank",549,https://storage.googleapis.com/wbuserimages/prod/20210115-b0a560a0d1c794ed435fa0eb72e4c085
2025-11-03,43,2b62dce6836b6ea135f9ec8c621fa807,"Amy",508,https://storage.googleapis.com/wbuserimages/prod/49328782-2b62dce6836b6ea135f9ec8c621fa807
2025-11-03,44,05b73e4625a3dc40573c3d5ee345a3ae,"Julie",432,https://storage.googleapis.com/wbuserimages/prod/19476134-05b73e4625a3dc40573c3d5ee345a3ae
2025-11-03,,,"All arenas",297,
2025-11-04,1,f5b76a1207cd52e580007eb2d7fcc6fa,"Kevin",2034,https://storage.googleapis.com/wbuserimages/prod/70351000-f5b76a1207cd52e580007eb2d7fcc6fa
2025-11-04,2,f33247461c13011c6c8465f7aed94ddc,"Kitniti",1887,https://storage.googleapis.com/wbuserimages/prod/24453968-f33247461c13011c6c8465f7aed94ddc
2025-11-04,3,3b0f13b4cba146f2372524ff3b19c6fe,"Nick",1883,https://storage.googleapis.com/wbuserimages/prod/21360362-3b0f13b4cba146f2372524ff3b19c6fe
2025-11-04,4,13d27d58144a648163eaf818ac35c332,"Mitchell",1836,https://storage.googleapis.com/wbuserimages/prod/36233128-13d27d58144a648163eaf818ac35c332
2025-11-04,5,0bcd00972615fab8942206546aff4662,"B.J.",1835,https://storage.googleapis.com/wbuserimages/prod/20046027-0bcd00972615fab8942206546aff4662
2025-11-04,6,676c8b8d1048a9b6f7dbb24b8c80b30c,"Goh",1797,https://storage.googleapis.com/wbuserimages/prod/19880174-676c8b8d1048a9b6f7dbb24b8c80b30c
2025-11-04,7,525364925f8a9aee6c56c03886cdb6d2,"Paula",1786,https://storage.googleapis.com/wbuserimages/prod/52758524-525364925f8a9aee6c56c03886cdb6d2
2025-11-04,8,a0055187308a6831e6d914375d961273,"Darisch Rian",1750,https://storage.googleapis.com/wbuserimages/prod/38383096-a0055187308a6831e6d914375d961273
2025-11-04,9,d920213885f59abd9b181514e8ed0231,"Lewis",1750,https://storage.googleapis.com/wbuserimages/prod/94334483-d920213885f59abd9b181514e8ed0231
2025-11-04,10,0f7455b7ea9925a9a50a2fa90060756d,"柏堯",1707,https://storage.googleapis.com/wbuserimages/prod/21610652-0f7455b7ea9925a9a50a2fa90060756d
2025-11-04,11,2923a7c3990777f6e12bacee960e1d72,"Michelle",1678,https://storage.googleapis.com/wbuserimages/prod/63652594-2923a7c3990777f6e12bacee960e1d72
2025-11-04,12,98610e86acb0a629da17f0993ec0fd50,"奕安",1666,https://storage.googleapis.com/wbuserimages/prod/19924602-98610e86acb0a629da17f0993ec0fd50
2025-11-04,13,c8e2e46a7e6e8394b1aa20ef5aef061a,"Michael",1665,https://storage.googleapis.com/wbuserimages/prod/116109165-c8e2e46a7e6e8394b1aa20ef5aef061a
2025-11-04,14,d247b8ebeefb0f030bcd0bc582720e9c,"Lizette",1596,https://storage.googleapis.com/wbuserimages/prod/44629197-d247b8ebeefb0f030bcd0bc582720e9c
2025-11-04,15,6db5d348a7fe7079e871fd8af0c91347,"Chris",1582,https://storage.googleapis.com/wbuserimages/prod/35664395-6db5d348a7fe7079e871fd8af0c91347
2025-11-04,16,f2cf7eb43583e04a62054c79299839aa,"James",1581,https://storage.googleapis.com/wbuserimages/prod/14894378-f2cf7eb43583e04a62054c79299839aa
2025-11-04,17,5df0880cd272cf42f773100b2182e09e,"Daniel",1571,https://storage.googleapis.com/wbuserimages/prod/58718633-5df0880cd272cf42f773100b2182e09e
2025-11-04,18,dfec62ed27ec3e559347ee123c0c7a5a,"Louie James",1565,https://storage.googleapis.com/wbuserimages/prod/51042361-dfec62ed27ec3e559347ee123c0c7a5a
2025-11-04,19,82d7d89cdfdc4bd0f359b894e998cf98,"Barry",1524,https://storage.googleapis.com/wbuserimages/prod/118842798-82d7d89cdfdc4bd0f359b894e998cf98
2025-11-04,20,4c4b0872dc5e9964b8715ff68a609854,"Esuabom",1519,https://storage.googleapis.com/wbuserimages/prod/21596664-4c4b0872dc5e9964b8715ff68a609854
2025-11-04,21,51c6f6019317c84ce59b2f83962da383,"Sharon",1463,https://storage.googleapis.com/wbuserimages/prod/70319088-51c6f6019317c84ce59b2f83962da383
2025-11-04,22,800eca46a100354927f4d80b577a8f0e,"Kaleb",1462,https://storage.googleapis.com/wbuserimages/prod/19940464-800eca46a100354927f4d80b577a8f0e
2025-11-04,23,630645abeeda490b1745d81ca6fa7850,"文宏",1461,https://storage.googleapis.com/wbuserimages/prod/96424326-630645abeeda490b1745d81ca6fa7850
2025-11-04,24,7c725404ee3b78ec4dbf4c9aa7232e1a,"Jay",1441,https://storage.googleapis.com/wbuserimages/prod/17339371-7c725404ee3b78ec4dbf4c9aa7232e1a
2025-11-04,25,801b2f89bbbc2722fc9a1c772736caee,"Norman",1394,https://storage.googleapis.com/wbuserimages/prod/94280027-801b2f89bbbc2722fc9a1c772736caee
2025-11-04,26,21fb3dd134ef7f254e1bb700b1cc4267,"Tongret",1387,https://storage.googleapis.com/wbuserimages/prod/48879919-21fb3dd134ef7f254e1bb700b1cc4267
2025-11-04,27,5c80a7e6da6632de5ad933a9838670c2,"Celestine Ebuka",1363,https://storage.googleapis.com/wbuserimages/prod/20083424-5c80a7e6da6632de5ad933a9838670c2
2025-11-04,28,48274afae7cea4d80557100174a63739,"Labo",1352,https://storage.googleapis.com/wbuserimages/prod/79561473-48274afae7cea4d80557100174a63739
2025-11-04,29,21142d1e52d40b3b94cc5526174b8828,"Kath",1305,https://storage.googleapis.com/wbuserimages/prod/19673979-21142d1e52d40b3b94cc5526174b8828
2025-11-04,30,e5d324b4eca1b03fc70c44746de537a7,"Benjamin",1286,https://storage.googleapis.com/wbuserimages/prod/65513248-e5d324b4eca1b03fc70c44746de537a7
2025-11-04,31,c5c566db8c7fc2945582a24a02851082,"Kevin JD",1270,https://storage.googleapis.com/wbuserimages/prod/58066677-c5c566db8c7fc2945582a24a02851082
2025-11-04,32,b0f6d84ebda898825703576571519899,"Shikari",1257,https://storage.googleapis.com/wbuserimages/prod/50546747-b0f6d84ebda898825703576571519899
2025-11-04,33,647e8c20fea4d1577b88d3316f85c5a0,"Dan",1255,https://storage.googleapis.com/wbuserimages/prod/19134989-647e8c20fea4d1577b88d3316f85c5a0
2025-11-04,34,c2fb2c86593c815948595ed295b441e0,"Todd",1238,https://storage.googleapis.com/wbuserimages/prod/73578417-c2fb2c86593c815948595ed295b441e0
2025-11-04,35,11452a2c81832acabfceb6c0acf41140,"David",1232,https://storage.googleapis.com/wbuserimages/prod/19835678-11452a2c81832acabfceb6c0acf41140
2025-11-04,36,e455e647ad1de9774a8d728de7dd8c2c,"Debi",1231,https://storage.googleapis.com/wbuserimages/prod/37122610-e455e647ad1de9774a8d728de7dd8c2c
2025-11-04,37,72fa75a07f88a9fd77ee2af82e33efd3,"Katie",1172,https://storage.googleapis.com/wbuserimages/prod/49531406-72fa75a07f88a9fd77ee2af82e33efd3
2025-11-04,38,91c00e853e43dadbd6a5fedf16181d7c,"Heather",1169,https://storage.googleapis.com/wbuserimages/prod/19953664-91c00e853e43dadbd6a5fedf16181d7c
2025-11-04,39,6c7c3649b1dbfe3c89438b138986d789,"Alfred",1155,https://storage.googleapis.com/wbuserimages/prod/62274970-6c7c3649b1dbfe3c89438b138986d789
2025-11-04,40,5d8dc7a4eb1cbd9cd99ec2fd8c57f759,"Michael",1153,https://storage.googleapis.com/wbuserimages/prod/55096107-5d8dc7a4eb1cbd9cd99ec2fd8c57f759
2025-11-04,41,2b62dce6836b6ea135f9ec8c621fa807,"Amy",1089,https://storage.googleapis.com/wbuserimages/prod/49328782-2b62dce6836b6ea135f9ec8c621fa807
2025-11-04,42,c2e13ee4a1e81c34023a97599eff2e70,"Winston",1002,https://storage.googleapis.com/wbuserimages/prod/54071099-c2e13ee4a1e81c34023a97599eff2e70
2025-11-04,43,d3d807cacfbc3e4f6ac48533b9b9d921,"Siobhan",980,https://storage.googleapis.com/wbuserimages/prod/1404665-d3d807cacfbc3e4f6ac48533b9b9d921
2025-11-04,44,05b73e4625a3dc40573c3d5ee345a3ae,"Julie",798,https://storage.googleapis.com/wbuserimages/prod/19476134-05b73e4625a3dc40573c3d5ee345a3ae
2025-11-04,,,"All arenas",621,
2025-11-05,1,f33247461c13011c6c8465f7aed94ddc,"Kitniti",1719,https://storage.googleapis.com/wbuserimages/prod/24453968-f33247461c13011c6c8465f7aed94ddc
2025-11-05,2,d920213885f59abd9b181514e8ed0231,"Lewis",1662,https://storage.googleapis.com/wbuserimages/prod/94334483-d920213885f59abd9b181514e8ed0231
2025-11-05,3,13d27d58144a648163eaf818ac35c332,"Mitchell",1650,https://storage.googleapis.com/wbuserimages/prod/36233128-13d27d58144a648163eaf818ac35c332
2025-11-05,4,3b0f13b4cba146f2372524ff3b19c6fe,"Nick",1588,https://storage.googleapis.com/wbuserimages/prod/21360362-3b0f13b4cba146f2372524ff3b19c6fe
2025-11-05,5,f5b76a1207cd52e580007eb2d7fcc6fa,"Kevin",1583,https://storage.googleapis.com/wbuserimages/prod/70351000-f5b76a1207cd52e580007eb2d7fcc6fa
2025-11-05,6,a0055187308a6831e6d914375d961273,"Darisch Rian",1557,https://storage.googleapis.com/wbuserimages/prod/38383096-a0055187308a6831e6d914375d961273
2025-11-05,7,676c8b8d1048a9b6f7dbb24b8c80b30c,"Goh",1462,https://storage.googleapis.com/wbuserimages/prod/19880174-676c8b8d1048a9b6f7dbb24b8c80b30c
2025-11-05,8,2923a7c3990777f6e12bacee960e1d72,"Michelle",1441,https://storage.googleapis.com/wbuserimages/prod/63652594-2923a7c3990777f6e12bacee960e1d72
2025-11-05,9,c8e2e46a7e6e8394b1aa20ef5aef061a,"Michael",1330,https://storage.googleapis.com/wbuserimages/prod/116109165-c8e2e46a7e6e8394b1aa20ef5aef061a
2025-11-05,10,c5c566db8c7fc2945582a24a02851082,"Kevin JD",1314,https://storage.googleapis.com/wbuserimages/prod/58066677-c5c566db8c7fc2945582a24a02851082
2025-11-05,11,525364925f8a9aee6c56c03886cdb6d2,"Paula",1307,https://storage.googleapis.com/wbuserimages/prod/52758524-525364925f8a9aee6c56c03886cdb6d2
2025-11-05,12,98610e86acb0a629da17f0993ec0fd50,"奕安",1263,https://storage.googleapis.com/wbuserimages/prod/19924602-98610e86acb0a629da17f0993ec0fd50
2025-11-05,13,6db5d348a7fe7079e871fd8af0c91347,"Chris",1256,https://storage.googleapis.com/wbuserimages/prod/35664395-6db5d348a7fe7079e871fd8af0c91347
2025-11-05,14,d247b8ebeefb0f030bcd0bc582720e9c,"Lizette",1239,https://storage.googleapis.com/wbuserimages/prod/44629197-d247b8ebeefb0f030bcd0bc582720e9c
2025-11-05,15,51c6f6019317c84ce59b2f83962da383,"Sharon",1227,https://storage.googleapis.com/wbuserimages/prod/70319088-51c6f6019317c84ce59b2f83962da383
2025-11-05,16,0f7455b7ea9925a9a50a2fa90060756d,"柏堯",1223,https://storage.googleapis.com/wbuserimages/prod/21610652-0f7455b7ea9925a9a50a2fa90060756d
2025-11-05,17,f4e0a39a3dad42ccd54bbe7b9fba1488,"Emmanuel",1223,https://storage.googleapis.com/wbuserimages/prod/51337713-f4e0a39a3dad42ccd54bbe7b9fba1488
2025-11-05,18,5df0880cd272cf42f773100b2182e09e,"Daniel",1220,https://storage.googleapis.com/wbuserimages/prod/58718633-5df0880cd272cf42f773100b2182e09e
2025-11-05,19,4c4b0872dc5e9964b8715ff68a609854,"Esuabom",1218,https://storage.googleapis.com/wbuserimages/prod/21596664-4c4b0872dc5e9964b8715ff68a609854
2025-11-05,20,0bcd00972615fab8942206546aff4662,"B.J.",1206,https://storage.googleapis.com/wbuserimages/prod/20046027-0bcd00972615fab8942206546aff4662
2025-11-05,21,21fb3dd134ef7f254e1bb700b1cc4267,"Tongret",1187,https://storage.googleapis.com/wbuserimages/prod/48879919-21fb3dd134ef7f254e1bb700b1cc4267
2025-11-05,22,c2fb2c86593c815948595ed295b441e0,"Todd",1179,https://storage.googleapis.com/wbuserimages/prod/73578417-c2fb2c86593c815948595ed295b441e0
2025-11-05,23,630645abeeda490b1745d81ca6fa7850,"文宏",1178,https://storage.googleapis.com/wbuserimages/prod/96424326-630645abeeda490b1745d81ca6fa7850
2025-11-05,24,dfec62ed27ec3e559347ee123c0c7a5a,"Louie James",1160,https://storage.googleapis.com/wbuserimages/prod/51042361-dfec62ed27ec3e559347ee123c0c7a5a
2025-11-05,25,801b2f89bbbc2722fc9a1c772736caee,"Norman",1113,https://storage.googleapis.com/wbuserimages/prod/94280027-801b2f89bbbc2722fc9a1c772736caee
2025-11-05,26,5c80a7e6da6632de5ad933a9838670c2,"Celestine Ebuka",1034,https://storage.googleapis.com/wbuserimages/prod/20083424-5c80a7e6da6632de5ad933a9838670c2
2025-11-05,27,2b62dce6836b6ea135f9ec8c621fa807,"Amy",1028,https://storage.googleapis.com/wbuserimages/prod/49328782-2b62dce6836b6ea135f9ec8c621fa807
2025-11-05,28,21142d1e52d40b3b94cc5526174b8828,"Kath",1024,https://storage.googleapis.com/wbuserimages/prod/19673979-21142d1e52d40b3b94cc5526174b8828
2025-11-05,29,800eca46a100354927f4d80b577a8f0e,"Kaleb",1003,https://storage.googleapis.com/wbuserimages/prod/19940464-800eca46a100354927f4d80b577a8f0e
2025-11-05,30,7c725404ee3b78ec4dbf4c9aa7232e1a,"Jay",989,https://storage.googleapis.com/wbuserimages/prod/17339371-7c725404ee3b78ec4dbf4c9aa7232e1a
2025-11-05,31,48274afae7cea4d80557100174a63739,"Labo",979,https://storage.googleapis.com/wbuserimages/prod/79561473-48274afae7cea4d80557100174a63739
2025-11-05,32,e5d324b4eca1b03fc70c44746de537a7,"Benjamin",975,https://storage.googleapis.com/wbuserimages/prod/65513248-e5d324b4eca1b03fc70c44746de537a7
2025-11-05,33,6c7c3649b1dbfe3c89438b138986d789,"Alfred",895,https://storage.googleapis.com/wbuserimages/prod/62274970-6c7c3649b1dbfe3c89438b138986d789
2025-11-05,34,b0f6d84ebda898825703576571519899,"Shikari",886,https://storage.googleapis.com/wbuserimages/prod/50546747-b0f6d84ebda898825703576571519899
2025-11-05,35,fdaa2e4e18937706b6ed39b8f806cb86,"Ck",882,https://storage.googleapis.com/wbuserimages/prod/20259757-fdaa2e4e18937706b6ed39b8f806cb86
2025-11-05,36,91c00e853e43dadbd6a5fedf16181d7c,"Heather",881,https://storage.googleapis.com/wbuserimages/prod/19953664-91c00e853e43dadbd6a5fedf16181d7c
2025-11-05,37,5d8dc7a4eb1cbd9cd99ec2fd8c57f759,"Michael",869,https://storage.googleapis.com/wbuserimages/prod/55096107-5d8dc7a4eb1cbd9cd99ec2fd8c57f759
2025-11-05,38,e455e647ad1de9774a8d728de7dd8c2c,"Debi",853,https://storage.googleapis.com/wbuserimages/prod/37122610-e455e647ad1de9774a8d728de7dd8c2c
2025-11-05,39,647e8c20fea4d1577b88d3316f85c5a0,"Dan",799,https://storage.googleapis.com/wbuserimages/prod/19134989-647e8c20fea4d1577b88d3316f85c5a0
2025-11-05,40,b0a560a0d1c794ed435fa0eb72e4c085,"Frank",795,https://storage.googleapis.com/wbuserimages/prod/20210115-b0a560a0d1c794ed435fa0eb72e4c085
2025-11-05,41,11452a2c81832acabfceb6c0acf41140,"David",735,https://storage.googleapis.com/wbuserimages/prod/19835678-11452a2c81832acabfceb6c0acf41140
2025-11-05,42,05b73e4625a3dc40573c3d5ee345a3ae,"Julie",638,https://storage.googleapis.com/wbuserimages/prod/19476134-05b73e4625a3dc40573c3d5ee345a3ae
2025-11-05,43,47438349afbcbd9d2fc4390df71617f7,"Krys",535,https://storage.googleapis.com/wbuserimages/prod/20197921-47438349afbcbd9d2fc4390df71617f7
2025-11-05,,,"All arenas",462,
2025-11-06,1,f33247461c13011c6c8465f7aed94ddc,"Kitniti",2450,https://storage.googleapis.com/wbuserimages/prod/24453968-f33247461c13011c6c8465f7aed94ddc
2025-11-06,2,98610e86acb0a629da17f0993ec0fd50,"奕安",2363,https://storage.googleapis.com/wbuserimages/prod/19924602-98610e86acb0a629da17f0993ec0fd50
2025-11-06,3,676c8b8d1048a9b6f7dbb24b8c80b30c,"Goh",2358,https://storage.googleapis.com/wbuserimages/prod/19880174-676c8b8d1048a9b6f7dbb24b8c80b30c
2025-11-06,4,f5b76a1207cd52e580007eb2d7fcc6fa,"Kevin",2355,https://storage.googleapis.com/wbuserimages/prod/70351000-f5b76a1207cd52e580007eb2d7fcc6fa
2025-11-06,5,13d27d58144a648163eaf818ac35c332,"Mitchell",2320,https://storage.googleapis.com/wbuserimages/prod/36233128-13d27d58144a648163eaf818ac35c332
2025-11-06,6,87748a7dc543b6e9a10e2d7a6184aa3e,"Jeremy",2223,https://storage.googleapis.com/wbuserimages/prod/111415247-87748a7dc543b6e9a10e2d7a6184aa3e
2025-11-06,7,d920213885f59abd9b181514e8ed0231,"Lewis",2164,https://storage.googleapis.com/wbuserimages/prod/94334483-d920213885f59abd9b181514e8ed0231
2025-11-06,8,6db5d348a7fe7079e871fd8af0c91347,"Chris",2148,https://storage.googleapis.com/wbuserimages/prod/35664395-6db5d348a7fe7079e871fd8af0c91347
2025-11-06,9,2923a7c3990777f6e12bacee960e1d72,"Michelle",2146,https://storage.googleapis.com/wbuserimages/prod/63652594-2923a7c3990777f6e12bacee960e1d72
2025-11-06,10,4c4b0872dc5e9964b8715ff68a609854,"Esuabom",2122,https://storage.googleapis.com/wbuserimages/prod/21596664-4c4b0872dc5e9964b8715ff68a609854
2025-11-06,11,c8e2e46a7e6e8394b1aa20ef5aef061a,"Michael",2099,https://storage.googleapis.com/wbuserimages/prod/116109165-c8e2e46a7e6e8394b1aa20ef5aef061a
2025-11-06,12,3b0f13b4cba146f2372524ff3b19c6fe,"Nick",2099,https://storage.googleapis.com/wbuserimages/prod/21360362-3b0f13b4cba146f2372524ff3b19c6fe
2025-11-06,13,0bcd00972615fab8942206546aff4662,"B.J.",2091,https://storage.googleapis.com/wbuserimages/prod/20046027-0bcd00972615fab8942206546aff4662
2025-11-06,14,a0055187308a6831e6d914375d961273,"Darisch Rian",1982,https://storage.googleapis.com/wbuserimages/prod/38383096-a0055187308a6831e6d914375d961273
2025-11-06,15,dfec62ed27ec3e559347ee123c0c7a5a,"Louie James",1901,https://storage.googleapis.com/wbuserimages/prod/51042361-dfec62ed27ec3e559347ee123c0c7a5a
2025-11-06,16,0f7455b7ea9925a9a50a2fa90060756d,"柏堯",1895,https://storage.googleapis.com/wbuserimages/prod/21610652-0f7455b7ea9925a9a50a2fa90060756d
2025-11-06,17,f2cf7eb43583e04a62054c79299839aa,"James",1890,https://storage.googleapis.com/wbuserimages/prod/14894378-f2cf7eb43583e04a62054c79299839aa
2025-11-06,18,51c6f6019317c84ce59b2f83962da383,"Sharon",1880,https://storage.googleapis.com/wbuserimages/prod/70319088-51c6f6019317c84ce59b2f83962da383
2025-11-06,19,82d7d89cdfdc4bd0f359b894e998cf98,"Barry",1876,https://storage.googleapis.com/wbuserimages/prod/118842798-82d7d89cdfdc4bd0f359b894e998cf98
2025-11-06,20,525364925f8a9aee6c56c03886cdb6d2,"Paula",1870,https://storage.googleapis.com/wbuserimages/prod/52758524-525364925f8a9aee6c56c03886cdb6d2
2025-11-06,21,d247b8ebeefb0f030bcd0bc582720e9c,"Lizette",1865,https://storage.googleapis.com/wbuserimages/prod/44629197-d247b8ebeefb0f030bcd0bc582720e9c
2025-11-06,22,801b2f89bbbc2722fc9a1c772736caee,"Norman",1829,https://storage.googleapis.com/wbuserimages/prod/94280027-801b2f89bbbc2722fc9a1c772736caee
2025-11-06,23,e5d324b4eca1b03fc70c44746de537a7,"Benjamin",1805,https://storage.googleapis.com/wbuserimages/prod/65513248-e5d324b4eca1b03fc70c44746de537a7
2025-11-06,24,630645abeeda490b1745d81ca6fa7850,"文宏",1786,https://storage.googleapis.com/wbuserimages/prod/96424326-630645abeeda490b1745d81ca6fa7850
2025-11-06,25,21142d1e52d40b3b94cc5526174b8828,"Kath",1729,https://storage.googleapis.com/wbuserimages/prod/19673979-21142d1e52d40b3b94cc5526174b8828
2025-11-06,26,f4e0a39a3dad42ccd54bbe7b9fba1488,"Emmanuel",1655,https://storage.googleapis.com/wbuserimages/prod/51337713-f4e0a39a3dad42ccd54bbe7b9fba1488
2025-11-06,27,e455e647ad1de9774a8d728de7dd8c2c,"Debi",1647,https://storage.googleapis.com/wbuserimages/prod/37122610-e455e647ad1de9774a8d728de7dd8c2c
2025-11-06,28,800eca46a100354927f4d80b577a8f0e,"Kaleb",1618,https://storage.googleapis.com/wbuserimages/prod/19940464-800eca46a100354927f4d80b577a8f0e
2025-11-06,29,21fb3dd134ef7f254e1bb700b1cc4267,"Tongret",1594,https://storage.googleapis.com/wbuserimages/prod/48879919-21fb3dd134ef7f254e1bb700b1cc4267
2025-11-06,30,5df0880cd272cf42f773100b2182e09e,"Daniel",1571,https://storage.googleapis.com/wbuserimages/prod/58718633-5df0880cd272cf42f773100b2182e09e
2025-11-06,31,5c80a7e6da6632de5ad933a9838670c2,"Celestine Ebuka",1507,https://storage.googleapis.com/wbuserimages/prod/20083424-5c80a7e6da6632de5ad933a9838670c2
2025-11-06,32,b0f6d84ebda898825703576571519899,"Shikari",1503,https://storage.googleapis.com/wbuserimages/prod/50546747-b0f6d84ebda898825703576571519899
2025-11-06,33,72fa75a07f88a9fd77ee2af82e33efd3,"Katie",1496,https://storage.googleapis.com/wbuserimages/prod/49531406-72fa75a07f88a9fd77ee2af82e33efd3
2025-11-06,34,7c725404ee3b78ec4dbf4c9aa7232e1a,"Jay",1490,https://storage.googleapis.com/wbuserimages/prod/17339371-7c725404ee3b78ec4dbf4c9aa7232e1a
2025-11-06,35,c5c566db8c7fc2945582a24a02851082,"Kevin JD",1486,https://storage.googleapis.com/wbuserimages/prod/58066677-c5c566db8c7fc2945582a24a02851082
2025-11-06,36,b0a560a0d1c794ed435fa0eb72e4c085,"Frank",1479,https://storage.googleapis.com/wbuserimages/prod/20210115-b0a560a0d1c794ed435fa0eb72e4c085
2025-11-06,37,fdaa2e4e18937706b6ed39b8f806cb86,"Ck",1448,https://storage.googleapis.com/wbuserimages/prod/20259757-fdaa2e4e18937706b6ed39b8f806cb86
2025-11-06,38,11452a2c81832acabfceb6c0acf41140,"David",1379,https://storage.googleapis.com/wbuserimages/prod/19835678-11452a2c81832acabfceb6c0acf41140
2025-11-06,39,647e8c20fea4d1577b88d3316f85c5a0,"Dan",1279,https://storage.googleapis.com/wbuserimages/prod/19134989-647e8c20fea4d1577b88d3316f85c5a0
2025-11-06,40,d3d807cacfbc3e4f6ac48533b9b9d921,"Siobhan",1277,https://storage.googleapis.com/wbuserimages/prod/1404665-d3d807cacfbc3e4f6ac48533b9b9d921
2025-11-06,41,5d8dc7a4eb1cbd9cd99ec2fd8c57f759,"Michael",1257,https://storage.googleapis.com/wbuserimages/prod/55096107-5d8dc7a4eb1cbd9cd99ec2fd8c57f759
2025-11-06,42,2b62dce6836b6ea135f9ec8c621fa807,"Amy",1220,https://storage.googleapis.com/wbuserimages/prod/49328782-2b62dce6836b6ea135f9ec8c621fa807
2025-11-06,43,c2fb2c86593c815948595ed295b441e0,"Todd",1210,https://storage.googleapis.com/wbuserimages/prod/73578417-c2fb2c86593c815948595ed295b441e0
2025-11-06,44,47438349afbcbd9d2fc4390df71617f7,"Krys",1172,https://storage.googleapis.com/wbuserimages/prod/20197921-47438349afbcbd9d2fc4390df71617f7
2025-11-06,45,91c00e853e43dadbd6a5fedf16181d7c,"Heather",1154,https://storage.googleapis.com/wbuserimages/prod/19953664-91c00e853e43dadbd6a5fedf16181d7c
2025-11-06,46,05b73e4625a3dc40573c3d5ee345a3ae,"Julie",978,https://storage.googleapis.com/wbuserimages/prod/19476134-05b73e4625a3dc40573c3d5ee345a3ae
2025-11-06,,,"All arenas",740,
2025-11-07,1,13d27d58144a648163eaf818ac35c332,"Mitchell",1742,https://storage.googleapis.com/wbuserimages/prod/36233128-13d27d58144a648163eaf818ac35c332
2025-11-07,2,d920213885f59abd9b181514e8ed0231,"Lewis",1608,https://storage.googleapis.com/wbuserimages/prod/94334483-d920213885f59abd9b181514e8ed0231
2025-11-07,3,f33247461c13011c6c8465f7aed94ddc,"Kitniti",1534,https://storage.googleapis.com/wbuserimages/prod/24453968-f33247461c13011c6c8465f7aed94ddc
2025-11-07,4,676c8b8d1048a9b6f7dbb24b8c80b30c,"Goh",1485,https://storage.googleapis.com/wbuserimages/prod/19880174-676c8b8d1048a9b6f7dbb24b8c80b30c
2025-11-07,5,3b0f13b4cba146f2372524ff3b19c6fe,"Nick",1462,https://storage.googleapis.com/wbuserimages/prod/21360362-3b0f13b4cba146f2372524ff3b19c6fe
2025-11-07,6,525364925f8a9aee6c56c03886cdb6d2,"Paula",1388,https://storage.googleapis.com/wbuserimages/prod/52758524-525364925f8a9aee6c56c03886cdb6d2
2025-11-07,7,6db5d348a7fe7079e871fd8af0c91347,"Chris",1374,https://storage.googleapis.com/wbuserimages/prod/35664395-6db5d348a7fe7079e871fd8af0c91347
2025-11-07,8,c8e2e46a7e6e8394b1aa20ef5aef061a,"Michael",1370,https://storage.googleapis.com/wbuserimages/prod/116109165-c8e2e46a7e6e8394b1aa20ef5aef061a
2025-11-07,9,0bcd00972615fab8942206546aff4662,"B.J.",1364,https://storage.googleapis.com/wbuserimages/prod/20046027-0bcd00972615fab8942206546aff4662
2025-11-07,10,51c6f6019317c84ce59b2f83962da383,"Sharon",1360,https://storage.googleapis.com/wbuserimages/prod/70319088-51c6f6019317c84ce59b2f83962da383
2025-11-07,11,4c4b0872dc5e9964b8715ff68a609854,"Esuabom",1335,https://storage.googleapis.com/wbuserimages/prod/21596664-4c4b0872dc5e9964b8715ff68a609854
2025-11-07,12,7c725404ee3b78ec4dbf4c9aa7232e1a,"Jay",1267,https://storage.googleapis.com/wbuserimages/prod/17339371-7c725404ee3b78ec4dbf4c9aa7232e1a
2025-11-07,13,f5b76a1207cd52e580007eb2d7fcc6fa,"Kevin",1261,https://storage.googleapis.com/wbuserimages/prod/70351000-f5b76a1207cd52e580007eb2d7fcc6fa
2025-11-07,14,5df0880cd272cf42f773100b2182e09e,"Daniel",1240,https://storage.googleapis.com/wbuserimages/prod/58718633-5df0880cd272cf42f773100b2182e09e
2025-11-07,15,e455e647ad1de9774a8d728de7dd8c2c,"Debi",1158,https://storage.googleapis.com/wbuserimages/prod/37122610-e455e647ad1de9774a8d728de7dd8c2c
2025-11-07,16,630645abeeda490b1745d81ca6fa7850,"文宏",1147,https://storage.googleapis.com/wbuserimages/prod/96424326-630645abeeda490b1745d81ca6fa7850
2025-11-07,17,98610e86acb0a629da17f0993ec0fd50,"奕安",1129,https://storage.googleapis.com/wbuserimages/prod/19924602-98610e86acb0a629da17f0993ec0fd50
2025-11-07,18,2923a7c3990777f6e12bacee960e1d72,"Michelle",1128,https://storage.googleapis.com/wbuserimages/prod/63652594-2923a7c3990777f6e12bacee960e1d72
2025-11-07,19,0f7455b7ea9925a9a50a2fa90060756d,"柏堯",1103,https://storage.googleapis.com/wbuserimages/prod/21610652-0f7455b7ea9925a9a50a2fa90060756d
2025-11-07,20,c2e13ee4a1e81c34023a97599eff2e70,"Winston",1097,https://storage.googleapis.com/wbuserimages/prod/54071099-c2e13ee4a1e81c34023a97599eff2e70
2025-11-07,21,b0a560a0d1c794ed435fa0eb72e4c085,"Frank",1087,https://storage.googleapis.com/wbuserimages/prod/20210115-b0a560a0d1c794ed435fa0eb72e4c085
2025-11-07,22,dfec62ed27ec3e559347ee123c0c7a5a,"Louie James",1082,https://storage.googleapis.com/wbuserimages/prod/51042361-dfec62ed27ec3e559347ee123c0c7a5a
2025-11-07,23,5c80a7e6da6632de5ad933a9838670c2,"Celestine Ebuka",1043,https://storage.googleapis.com/wbuserimages/prod/20083424-5c80a7e6da6632de5ad933a9838670c2
2025-11-07,24,d247b8ebeefb0f030bcd0bc582720e9c,"Lizette",1033,https://storage.googleapis.com/wbuserimages/prod/44629197-d247b8ebeefb0f030bcd0bc582720e9c
2025-11-07,25,21fb3dd134ef7f254e1bb700b1cc4267,"Tongret",993,https://storage.googleapis.com/wbuserimages/prod/48879919-21fb3dd134ef7f254e1bb700b1cc4267
2025-11-07,26,c5c566db8c7fc2945582a24a02851082,"Kevin JD",990,https://storage.googleapis.com/wbuserimages/prod/58066677-c5c566db8c7fc2945582a24a02851082
2025-11-07,27,f2cf7eb43583e04a62054c79299839aa,"James",989,https://storage.googleapis.com/wbuserimages/prod/14894378-f2cf7eb43583e04a62054c79299839aa
2025-11-07,28,21142d1e52d40b3b94cc5526174b8828,"Kath",952,https://storage.googleapis.com/wbuserimages/prod/19673979-21142d1e52d40b3b94cc5526174b8828
2025-11-07,29,800eca46a100354927f4d80b577a8f0e,"Kaleb",946,https://storage.googleapis.com/wbuserimages/prod/19940464-800eca46a100354927f4d80b577a8f0e
2025-11-07,30,11452a2c81832acabfceb6c0acf41140,"David",942,https://storage.googleapis.com/wbuserimages/prod/19835678-11452a2c81832acabfceb6c0acf41140
2025-11-07,31,b0f6d84ebda898825703576571519899,"Shikari",854,https://storage.googleapis.com/wbuserimages/prod/50546747-b0f6d84ebda898825703576571519899
2025-11-07,32,801b2f89bbbc2722fc9a1c772736caee,"Norman",839,https://storage.googleapis.com/wbuserimages/prod/94280027-801b2f89bbbc2722fc9a1c772736caee
2025-11-07,33,91c00e853e43dadbd6a5fedf16181d7c,"Heather",820,https://storage.googleapis.com/wbuserimages/prod/19953664-91c00e853e43dadbd6a5fedf16181d7c
2025-11-07,34,fdaa2e4e18937706b6ed39b8f806cb86,"Ck",779,https://storage.googleapis.com/wbuserimages/prod/20259757-fdaa2e4e18937706b6ed39b8f806cb86
2025-11-07,35,48274afae7cea4d80557100174a63739,"Labo",658,https://storage.googleapis.com/wbuserimages/prod/79561473-48274afae7cea4d80557100174a63739
2025-11-07,36,2b62dce6836b6ea135f9ec8c621fa807,"Amy",650,https://storage.googleapis.com/wbuserimages/prod/49328782-2b62dce6836b6ea135f9ec8c621fa807
2025-11-07,37,647e8c20fea4d1577b88d3316f85c5a0,"Dan",554,https://storage.googleapis.com/wbuserimages/prod/19134989-647e8c20fea4d1577b88d3316f85c5a0
2025-11-07,38,05b73e4625a3dc40573c3d5ee345a3ae,"Julie",530,https://storage.googleapis.com/wbuserimages/prod/19476134-05b73e4625a3dc40573c3d5ee345a3ae
2025-11-07,,,"All arenas",437,
2025-11-08,1,f33247461c13011c6c8465f7aed94ddc,"Kitniti",1934,https://storage.googleapis.com/wbuserimages/prod/24453968-f33247461c13011c6c8465f7aed94ddc
2025-11-08,2,13d27d58144a648163eaf818ac35c332,"Mitchell",1867,https://storage.googleapis.com/wbuserimages/prod/36233128-13d27d58144a648163eaf818ac35c332
2025-11-08,3,d920213885f59abd9b181514e8ed0231,"Lewis",1699,https://storage.googleapis.com/wbuserimages/prod/94334483-d920213885f59abd9b181514e8ed0231
2025-11-08,4,a0055187308a6831e6d914375d961273,"Darisch Rian",1590,https://storage.googleapis.com/wbuserimages/prod/38383096-a0055187308a6831e6d914375d961273
2025-11-08,5,f5b76a1207cd52e580007eb2d7fcc6fa,"Kevin",1557,https://storage.googleapis.com/wbuserimages/prod/70351000-f5b76a1207cd52e580007eb2d7fcc6fa
2025-11-08,6,2923a7c3990777f6e12bacee960e1d72,"Michelle",1518,https://storage.googleapis.com/wbuserimages/prod/63652594-2923a7c3990777f6e12bacee960e1d72
2025-11-08,7,4c4b0872dc5e9964b8715ff68a609854,"Esuabom",1453,https://storage.googleapis.com/wbuserimages/prod/21596664-4c4b0872dc5e9964b8715ff68a609854
2025-11-08,8,0f7455b7ea9925a9a50a2fa90060756d,"柏堯",1421,https://storage.googleapis.com/wbuserimages/prod/21610652-0f7455b7ea9925a9a50a2fa90060756d
2025-11-08,9,c8e2e46a7e6e8394b1aa20ef5aef061a,"Michael",1418,https://storage.googleapis.com/wbuserimages/prod/116109165-c8e2e46a7e6e8394b1aa20ef5aef061a
2025-11-08,10,98610e86acb0a629da17f0993ec0fd50,"奕安",1373,https://storage.googleapis.com/wbuserimages/prod/19924602-98610e86acb0a629da17f0993ec0fd50
2025-11-08,11,6db5d348a7fe7079e871fd8af0c91347,"Chris",1367,https://storage.googleapis.com/wbuserimages/prod/35664395-6db5d348a7fe7079e871fd8af0c91347
2025-11-08,12,525364925f8a9aee6c56c03886cdb6d2,"Paula",1354,https://storage.googleapis.com/wbuserimages/prod/52758524-525364925f8a9aee6c56c03886cdb6d2
2025-11-08,13,3b0f13b4cba146f2372524ff3b19c6fe,"Nick",1353,https://storage.googleapis.com/wbuserimages/prod/21360362-3b0f13b4cba146f2372524ff3b19c6fe
2025-11-08,14,676c8b8d1048a9b6f7dbb24b8c80b30c,"Goh",1340,https://storage.googleapis.com/wbuserimages/prod/19880174-676c8b8d1048a9b6f7dbb24b8c80b30c
2025-11-08,15,51c6f6019317c84ce59b2f83962da383,"Sharon",1309,https://storage.googleapis.com/wbuserimages/prod/70319088-51c6f6019317c84ce59b2f83962da383
2025-11-08,16,dfec62ed27ec3e559347ee123c0c7a5a,"Louie James",1295,https://storage.googleapis.com/wbuserimages/prod/51042361-dfec62ed27ec3e559347ee123c0c7a5a
2025-11-08,17,0bcd00972615fab8942206546aff4662,"B.J.",1285,https://storage.googleapis.com/wbuserimages/prod/20046027-0bcd00972615fab8942206546aff4662
2025-11-08,18,f4e0a39a3dad42ccd54bbe7b9fba1488,"Emmanuel",1267,https://storage.googleapis.com/wbuserimages/prod/51337713-f4e0a39a3dad42ccd54bbe7b9fba1488
2025-11-08,19,d247b8ebeefb0f030bcd0bc582720e9c,"Lizette",1217,https://storage.googleapis.com/wbuserimages/prod/44629197-d247b8ebeefb0f030bcd0bc582720e9c
2025-11-08,20,e455e647ad1de9774a8d728de7dd8c2c,"Debi",1179,https://storage.googleapis.com/wbuserimages/prod/37122610-e455e647ad1de9774a8d728de7dd8c2c
2025-11-08,21,7c725404ee3b78ec4dbf4c9aa7232e1a,"Jay",1161,https://storage.googleapis.com/wbuserimages/prod/17339371-7c725404ee3b78ec4dbf4c9aa7232e1a
2025-11-08,22,e5d324b4eca1b03fc70c44746de537a7,"Benjamin",1150,https://storage.googleapis.com/wbuserimages/prod/65513248-e5d324b4eca1b03fc70c44746de537a7
2025-11-08,23,801b2f89bbbc2722fc9a1c772736caee,"Norman",1121,https://storage.googleapis.com/wbuserimages/prod/94280027-801b2f89bbbc2722fc9a1c772736caee
2025-11-08,24,b0f6d84ebda898825703576571519899,"Shikari",1111,https://storage.googleapis.com/wbuserimages/prod/50546747-b0f6d84ebda898825703576571519899
2025-11-08,25,630645abeeda490b1745d81ca6fa7850,"文宏",1101,https://storage.googleapis.com/wbuserimages/prod/96424326-630645abeeda490b1745d81ca6fa7850
2025-11-08,26,800eca46a100354927f4d80b577a8f0e,"Kaleb",1089,https://storage.googleapis.com/wbuserimages/prod/19940464-800eca46a100354927f4d80b577a8f0e
2025-11-08,27,5c80a7e6da6632de5ad933a9838670c2,"Celestine Ebuka",1082,https://storage.googleapis.com/wbuserimages/prod/20083424-5c80a7e6da6632de5ad933a9838670c2
2025-11-08,28,5df0880cd272cf42f773100b2182e09e,"Daniel",1075,https://storage.googleapis.com/wbuserimages/prod/58718633-5df0880cd272cf42f773100b2182e09e
2025-11-08,29,c5c566db8c7fc2945582a24a02851082,"Kevin JD",1063,https://storage.googleapis.com/wbuserimages/prod/58066677-c5c566db8c7fc2945582a24a02851082
2025-11-08,30,092d0a8a0d1176ae891def5606e993c1,"Stephen",1049,https://storage.googleapis.com/wbuserimages/prod/19942300-092d0a8a0d1176ae891def5606e993c1
2025-11-08,31,21fb3dd134ef7f254e1bb700b1cc4267,"Tongret",1036,https://storage.googleapis.com/wbuserimages/prod/48879919-21fb3dd134ef7f254e1bb700b1cc4267
2025-11-08,32,72fa75a07f88a9fd77ee2af82e33efd3,"Katie",1031,https://storage.googleapis.com/wbuserimages/prod/49531406-72fa75a07f88a9fd77ee2af82e33efd3
2025-11-08,33,b0a560a0d1c794ed435fa0eb72e4c085,"Frank",1030,https://storage.googleapis.com/wbuserimages/prod/20210115-b0a560a0d1c794ed435fa0eb72e4c085
2025-11-08,34,c2e13ee4a1e81c34023a97599eff2e70,"Winston",1009,https://storage.googleapis.com/wbuserimages/prod/54071099-c2e13ee4a1e81c34023a97599eff2e70
2025-11-08,35,f2cf7eb43583e04a62054c79299839aa,"James",1006,https://storage.googleapis.com/wbuserimages/prod/14894378-f2cf7eb43583e04a62054c79299839aa
2025-11-08,36,647e8c20fea4d1577b88d3316f85c5a0,"Dan",966,https://storage.googleapis.com/wbuserimages/prod/19134989-647e8c20fea4d1577b88d3316f85c5a0
2025-11-08,37,11452a2c81832acabfceb6c0acf41140,"David",949,https://storage.googleapis.com/wbuserimages/prod/19835678-11452a2c81832acabfceb6c0acf41140
2025-11-08,38,91c00e853e43dadbd6a5fedf16181d7c,"Heather",938,https://storage.googleapis.com/wbuserimages/prod/19953664-91c00e853e43dadbd6a5fedf16181d7c
2025-11-08,39,5d8dc7a4eb1cbd9cd99ec2fd8c57f759,"Michael",921,https://storage.googleapis.com/wbuserimages/prod/55096107-5d8dc7a4eb1cbd9cd99ec2fd8c57f759
2025-11-08,40,6c7c3649b1dbfe3c89438b138986d789,"Alfred",905,https://storage.googleapis.com/wbuserimages/prod/62274970-6c7c3649b1dbfe3c89438b138986d789
2025-11-08,41,fdaa2e4e18937706b6ed39b8f806cb86,"Ck",904,https://storage.googleapis.com/wbuserimages/prod/20259757-fdaa2e4e18937706b6ed39b8f806cb86
2025-11-08,42,2b62dce6836b6ea135f9ec8c621fa807,"Amy",734,https://storage.googleapis.com/wbuserimages/prod/49328782-2b62dce6836b6ea135f9ec8c621fa807
2025-11-08,43,d3d807cacfbc3e4f6ac48533b9b9d921,"Siobhan",717,https://storage.googleapis.com/wbuserimages/prod/1404665-d3d807cacfbc3e4f6ac48533b9b9d921
2025-11-08,44,05b73e4625a3dc40573c3d5ee345a3ae,"Julie",537,https://storage.googleapis.com/wbuserimages/prod/19476134-05b73e4625a3dc40573c3d5ee345a3ae
2025-11-08,,,"All arenas",471,
2025-11-09,1,13d27d58144a648163eaf818ac35c332,"Mitchell",1838,https://storage.googleapis.com/wbuserimages/prod/36233128-13d27d58144a648163eaf818ac35c332
2025-11-09,2,f5b76a1207cd52e580007eb2d7fcc6fa,"Kevin",1710,https://storage.googleapis.com/wbuserimages/prod/70351000-f5b76a1207cd52e580007eb2d7fcc6fa
2025-11-09,3,d920213885f59abd9b181514e8ed0231,"Lewis",1696,https://storage.googleapis.com/wbuserimages/prod/94334483-d920213885f59abd9b181514e8ed0231
2025-11-09,4,f33247461c13011c6c8465f7aed94ddc,"Kitniti",1655,https://storage.googleapis.com/wbuserimages/prod/24453968-f33247461c13011c6c8465f7aed94ddc
2025-11-09,5,0f7455b7ea9925a9a50a2fa90060756d,"柏堯",1547,https://storage.googleapis.com/wbuserimages/prod/21610652-0f7455b7ea9925a9a50a2fa90060756d
2025-11-09,6,676c8b8d1048a9b6f7dbb24b8c80b30c,"Goh",1473,https://storage.googleapis.com/wbuserimages/prod/19880174-676c8b8d1048a9b6f7dbb24b8c80b30c
2025-11-09,7,4c4b0872dc5e9964b8715ff68a609854,"Esuabom",1443,https://storage.googleapis.com/wbuserimages/prod/21596664-4c4b0872dc5e9964b8715ff68a609854
2025-11-09,8,d247b8ebeefb0f030bcd0bc582720e9c,"Lizette",1386,https://storage.googleapis.com/wbuserimages/prod/44629197-d247b8ebeefb0f030bcd0bc582720e9c
2025-11-09,9,98610e86acb0a629da17f0993ec0fd50,"奕安",1362,https://storage.googleapis.com/wbuserimages/prod/19924602-98610e86acb0a629da17f0993ec0fd50
2025-11-09,10,c8e2e46a7e6e8394b1aa20ef5aef061a,"Michael",1349,https://storage.googleapis.com/wbuserimages/prod/116109165-c8e2e46a7e6e8394b1aa20ef5aef061a
2025-11-09,11,0bcd00972615fab8942206546aff4662,"B.J.",1334,https://storage.googleapis.com/wbuserimages/prod/20046027-0bcd00972615fab8942206546aff4662
2025-11-09,12,3b0f13b4cba146f2372524ff3b19c6fe,"Nick",1328,https://storage.googleapis.com/wbuserimages/prod/21360362-3b0f13b4cba146f2372524ff3b19c6fe
2025-11-09,13,2923a7c3990777f6e12bacee960e1d72,"Michelle",1293,https://storage.googleapis.com/wbuserimages/prod/63652594-2923a7c3990777f6e12bacee960e1d72
2025-11-09,14,51c6f6019317c84ce59b2f83962da383,"Sharon",1278,https://storage.googleapis.com/wbuserimages/prod/70319088-51c6f6019317c84ce59b2f83962da383
2025-11-09,15,c5c566db8c7fc2945582a24a02851082,"Kevin JD",1224,https://storage.googleapis.com/wbuserimages/prod/58066677-c5c566db8c7fc2945582a24a02851082
2025-11-09,16,b0f6d84ebda898825703576571519899,"Shikari",1206,https://storage.googleapis.com/wbuserimages/prod/50546747-b0f6d84ebda898825703576571519899
2025-11-09,17,6db5d348a7fe7079e871fd8af0c91347,"Chris",1193,https://storage.googleapis.com/wbuserimages/prod/35664395-6db5d348a7fe7079e871fd8af0c91347
2025-11-09,18,525364925f8a9aee6c56c03886cdb6d2,"Paula",1167,https://storage.googleapis.com/wbuserimages/prod/52758524-525364925f8a9aee6c56c03886cdb6d2
2025-11-09,19,7c725404ee3b78ec4dbf4c9aa7232e1a,"Jay",1160,https://storage.googleapis.com/wbuserimages/prod/17339371-7c725404ee3b78ec4dbf4c9aa7232e1a
2025-11-09,20,5df0880cd272cf42f773100b2182e09e,"Daniel",1157,https://storage.googleapis.com/wbuserimages/prod/58718633-5df0880cd272cf42f773100b2182e09e
2025-11-09,21,dfec62ed27ec3e559347ee123c0c7a5a,"Louie James",1155,https://storage.googleapis.com/wbuserimages/prod/51042361-dfec62ed27ec3e559347ee123c0c7a5a
2025-11-09,22,fdaa2e4e18937706b6ed39b8f806cb86,"Ck",1138,https://storage.googleapis.com/wbuserimages/prod/20259757-fdaa2e4e18937706b6ed39b8f806cb86
2025-11-09,23,21142d1e52d40b3b94cc5526174b8828,"Kath",1130,https://storage.googleapis.com/wbuserimages/prod/19673979-21142d1e52d40b3b94cc5526174b8828
2025-11-09,24,800eca46a100354927f4d80b577a8f0e,"Kaleb",1101,https://storage.googleapis.com/wbuserimages/prod/19940464-800eca46a100354927f4d80b577a8f0e
2025-11-09,25,630645abeeda490b1745d81ca6fa7850,"文宏",1098,https://storage.googleapis.com/wbuserimages/prod/96424326-630645abeeda490b1745d81ca6fa7850
2025-11-09,26,5c80a7e6da6632de5ad933a9838670c2,"Celestine Ebuka",1057,https://storage.googleapis.com/wbuserimages/prod/20083424-5c80a7e6da6632de5ad933a9838670c2
2025-11-09,27,c2e13ee4a1e81c34023a97599eff2e70,"Winston",1037,https://storage.googleapis.com/wbuserimages/prod/54071099-c2e13ee4a1e81c34023a97599eff2e70
2025-11-09,28,e5d324b4eca1b03fc70c44746de537a7,"Benjamin",1010,https://storage.googleapis.com/wbuserimages/prod/65513248-e5d324b4eca1b03fc70c44746de537a7
2025-11-09,29,c2fb2c86593c815948595ed295b441e0,"Todd",1009,https://storage.googleapis.com/wbuserimages/prod/73578417-c2fb2c86593c815948595ed295b441e0
2025-11-09,30,801b2f89bbbc2722fc9a1c772736caee,"Norman",1000,https://storage.googleapis.com/wbuserimages/prod/94280027-801b2f89bbbc2722fc9a1c772736caee
2025-11-09,31,48274afae7cea4d80557100174a63739,"Labo",968,https://storage.googleapis.com/wbuserimages/prod/79561473-48274afae7cea4d80557100174a63739
2025-11-09,32,6c1dcb42648b016f4ebb87a627757cc2,"Emmanuel",958,https://storage.googleapis.com/wbuserimages/prod/46571486-6c1dcb42648b016f4ebb87a627757cc2
2025-11-09,33,e455e647ad1de9774a8d728de7dd8c2c,"Debi",933,https://storage.googleapis.com/wbuserimages/prod/37122610-e455e647ad1de9774a8d728de7dd8c2c
2025-11-09,34,edc4cd3d70a7aa2b117f386b8b30aa1c,"Lisa",920,https://storage.googleapis.com/wbuserimages/prod/67488182-edc4cd3d70a7aa2b117f386b8b30aa1c
2025-11-09,35,f2cf7eb43583e04a62054c79299839aa,"James",904,https://storage.googleapis.com/wbuserimages/prod/14894378-f2cf7eb43583e04a62054c79299839aa
2025-11-09,36,5d8dc7a4eb1cbd9cd99ec2fd8c57f759,"Michael",876,https://storage.googleapis.com/wbuserimages/prod/55096107-5d8dc7a4eb1cbd9cd99ec2fd8c57f759
2025-11-09,37,91c00e853e43dadbd6a5fedf16181d7c,"Heather",846,https://storage.googleapis.com/wbuserimages/prod/19953664-91c00e853e43dadbd6a5fedf16181d7c
2025-11-09,38,6c7c3649b1dbfe3c89438b138986d789,"Alfred",837,https://storage.googleapis.com/wbuserimages/prod/62274970-6c7c3649b1dbfe3c89438b138986d789
2025-11-09,39,b0a560a0d1c794ed435fa0eb72e4c085,"Frank",825,https://storage.googleapis.com/wbuserimages/prod/20210115-b0a560a0d1c794ed435fa0eb72e4c085
2025-11-09,40,647e8c20fea4d1577b88d3316f85c5a0,"Dan",793,https://storage.googleapis.com/wbuserimages/prod/19134989-647e8c20fea4d1577b88d3316f85c5a0
2025-11-09,41,2b62dce6836b6ea135f9ec8c621fa807,"Amy",775,https://storage.googleapis.com/wbuserimages/prod/49328782-2b62dce6836b6ea135f9ec8c621fa807
2025-11-09,42,11452a2c81832acabfceb6c0acf41140,"David",751,https://storage.googleapis.com/wbuserimages/prod/19835678-11452a2c81832acabfceb6c0acf41140
2025-11-09,43,05b73e4625a3dc40573c3d5ee345a3ae,"Julie",716,https://storage.googleapis.com/wbuserimages/prod/19476134-05b73e4625a3dc40573c3d5ee345a3ae
2025-11-09,44,47438349afbcbd9d2fc4390df71617f7,"Krys",659,https://storage.googleapis.com/wbuserimages/prod/20197921-47438349afbcbd9d2fc4390df71617f7
2025-11-09,45,d3d807cacfbc3e4f6ac48533b9b9d921,"Siobhan",636,https://storage.googleapis.com/wbuserimages/prod/1404665-d3d807cacfbc3e4f6ac48533b9b9d921
2025-11-09,,,"All arenas",448,
2025-11-10,1,13d27d58144a648163eaf818ac35c332,"Mitchell",1752,https://storage.googleapis.com/wbuserimages/prod/36233128-13d27d58144a648163eaf818ac35c332
2025-11-10,2,f33247461c13011c6c8465f7aed94ddc,"Kitniti",1742,https://storage.googleapis.com/wbuserimages/prod/24453968-f33247461c13011c6c8465f7aed94ddc
2025-11-10,3,d920213885f59abd9b181514e8ed0231,"Lewis",1603,https://storage.googleapis.com/wbuserimages/prod/94334483-d920213885f59abd9b181514e8ed0231
2025-11-10,4,3b0f13b4cba146f2372524ff3b19c6fe,"Nick",1469,https://storage.googleapis.com/wbuserimages/prod/21360362-3b0f13b4cba146f2372524ff3b19c6fe
2025-11-10,5,98610e86acb0a629da17f0993ec0fd50,"奕安",1466,https://storage.googleapis.com/wbuserimages/prod/19924602-98610e86acb0a629da17f0993ec0fd50
2025-11-10,6,f5b76a1207cd52e580007eb2d7fcc6fa,"Kevin",1384,https://storage.googleapis.com/wbuserimages/prod/70351000-f5b76a1207cd52e580007eb2d7fcc6fa
2025-11-10,7,4c4b0872dc5e9964b8715ff68a609854,"Esuabom",1338,https://storage.googleapis.com/wbuserimages/prod/21596664-4c4b0872dc5e9964b8715ff68a609854
2025-11-10,8,0f7455b7ea9925a9a50a2fa90060756d,"柏堯",1327,https://storage.googleapis.com/wbuserimages/prod/21610652-0f7455b7ea9925a9a50a2fa90060756d
2025-11-10,9,a0055187308a6831e6d914375d961273,"Darisch Rian",1302,https://storage.googleapis.com/wbuserimages/prod/38383096-a0055187308a6831e6d914375d961273
2025-11-10,10,630645abeeda490b1745d81ca6fa7850,"文宏",1277,https://storage.googleapis.com/wbuserimages/prod/96424326-630645abeeda490b1745d81ca6fa7850
2025-11-10,11,0bcd00972615fab8942206546aff4662,"B.J.",1272,https://storage.googleapis.com/wbuserimages/prod/20046027-0bcd00972615fab8942206546aff4662
2025-11-10,12,676c8b8d1048a9b6f7dbb24b8c80b30c,"Goh",1270,https://storage.googleapis.com/wbuserimages/prod/19880174-676c8b8d1048a9b6f7dbb24b8c80b30c
2025-11-10,13,d247b8ebeefb0f030bcd0bc582720e9c,"Lizette",1245,https://storage.googleapis.com/wbuserimages/prod/44629197-d247b8ebeefb0f030bcd0bc582720e9c
2025-11-10,14,525364925f8a9aee6c56c03886cdb6d2,"Paula",1206,https://storage.googleapis.com/wbuserimages/prod/52758524-525364925f8a9aee6c56c03886cdb6d2
2025-11-10,15,c8e2e46a7e6e8394b1aa20ef5aef061a,"Michael",1203,https://storage.googleapis.com/wbuserimages/prod/116109165-c8e2e46a7e6e8394b1aa20ef5aef061a
2025-11-10,16,51c6f6019317c84ce59b2f83962da383,"Sharon",1160,https://storage.googleapis.com/wbuserimages/prod/70319088-51c6f6019317c84ce59b2f83962da383
2025-11-10,17,2923a7c3990777f6e12bacee960e1d72,"Michelle",1129,https://storage.googleapis.com/wbuserimages/prod/63652594-2923a7c3990777f6e12bacee960e1d72
2025-11-10,18,6db5d348a7fe7079e871fd8af0c91347,"Chris",1103,https://storage.googleapis.com/wbuserimages/prod/35664395-6db5d348a7fe7079e871fd8af0c91347
2025-11-10,19,c5c566db8c7fc2945582a24a02851082,"Kevin JD",1097,https://storage.googleapis.com/wbuserimages/prod/58066677-c5c566db8c7fc2945582a24a02851082
2025-11-10,20,e5d324b4eca1b03fc70c44746de537a7,"Benjamin",1083,https://storage.googleapis.com/wbuserimages/prod/65513248-e5d324b4eca1b03fc70c44746de537a7
2025-11-10,21,48274afae7cea4d80557100174a63739,"Labo",1080,https://storage.googleapis.com/wbuserimages/prod/79561473-48274afae7cea4d80557100174a63739
2025-11-10,22,5df0880cd272cf42f773100b2182e09e,"Daniel",1077,https://storage.googleapis.com/wbuserimages/prod/58718633-5df0880cd272cf42f773100b2182e09e
2025-11-10,23,7c725404ee3b78ec4dbf4c9aa7232e1a,"Jay",1057,https://storage.googleapis.com/wbuserimages/prod/17339371-7c725404ee3b78ec4dbf4c9aa7232e1a
2025-11-10,24,801b2f89bbbc2722fc9a1c772736caee,"Norman",1055,https://storage.googleapis.com/wbuserimages/prod/94280027-801b2f89bbbc2722fc9a1c772736caee
2025-11-10,25,f4e0a39a3dad42ccd54bbe7b9fba1488,"Emmanuel",1007,https://storage.googleapis.com/wbuserimages/prod/51337713-f4e0a39a3dad42ccd54bbe7b9fba1488
2025-11-10,26,fdaa2e4e18937706b6ed39b8f806cb86,"Ck",1003,https://storage.googleapis.com/wbuserimages/prod/20259757-fdaa2e4e18937706b6ed39b8f806cb86
2025-11-10,27,f2cf7eb43583e04a62054c79299839aa,"James",959,https://storage.googleapis.com/wbuserimages/prod/14894378-f2cf7eb43583e04a62054c79299839aa
2025-11-10,28,5c80a7e6da6632de5ad933a9838670c2,"Celestine Ebuka",957,https://storage.googleapis.com/wbuserimages/prod/20083424-5c80a7e6da6632de5ad933a9838670c2
2025-11-10,29,72fa75a07f88a9fd77ee2af82e33efd3,"Katie",948,https://storage.googleapis.com/wbuserimages/prod/49531406-72fa75a07f88a9fd77ee2af82e33efd3
2025-11-10,30,dfec62ed27ec3e559347ee123c0c7a5a,"Louie James",937,https://storage.googleapis.com/wbuserimages/prod/51042361-dfec62ed27ec3e559347ee123c0c7a5a
2025-11-10,31,b0f6d84ebda898825703576571519899,"Shikari",921,https://storage.googleapis.com/wbuserimages/prod/50546747-b0f6d84ebda898825703576571519899
2025-11-10,32,6c7c3649b1dbfe3c89438b138986d789,"Alfred",902,https://storage.googleapis.com/wbuserimages/prod/62274970-6c7c3649b1dbfe3c89438b138986d789
2025-11-10,33,21142d1e52d40b3b94cc5526174b8828,"Kath",888,https://storage.googleapis.com/wbuserimages/prod/19673979-21142d1e52d40b3b94cc5526174b8828
2025-11-10,34,e455e647ad1de9774a8d728de7dd8c2c,"Debi",886,https://storage.googleapis.com/wbuserimages/prod/37122610-e455e647ad1de9774a8d728de7dd8c2c
2025-11-10,35,21fb3dd134ef7f254e1bb700b1cc4267,"Tongret",870,https://storage.googleapis.com/wbuserimages/prod/48879919-21fb3dd134ef7f254e1bb700b1cc4267
2025-11-10,36,91c00e853e43dadbd6a5fedf16181d7c,"Heather",840,https://storage.googleapis.com/wbuserimages/prod/19953664-91c00e853e43dadbd6a5fedf16181d7c
2025-11-10,37,b0a560a0d1c794ed435fa0eb72e4c085,"Frank",821,https://storage.googleapis.com/wbuserimages/prod/20210115-b0a560a0d1c794ed435fa0eb72e4c085
2025-11-10,38,11452a2c81832acabfceb6c0acf41140,"David",817,https://storage.googleapis.com/wbuserimages/prod/19835678-11452a2c81832acabfceb6c0acf41140
2025-11-10,39,5d8dc7a4eb1cbd9cd99ec2fd8c57f759,"Michael",799,https://storage.googleapis.com/wbuserimages/prod/55096107-5d8dc7a4eb1cbd9cd99ec2fd8c57f759
2025-11-10,40,edc4cd3d70a7aa2b117f386b8b30aa1c,"Lisa",783,https://storage.googleapis.com/wbuserimages/prod/67488182-edc4cd3d70a7aa2b117f386b8b30aa1c
2025-11-10,41,647e8c20fea4d1577b88d3316f85c5a0,"Dan",765,https://storage.googleapis.com/wbuserimages/prod/19134989-647e8c20fea4d1577b88d3316f85c5a0
2025-11-10,42,800eca46a100354927f4d80b577a8f0e,"Kaleb",715,https://storage.googleapis.com/wbuserimages/prod/19940464-800eca46a100354927f4d80b577a8f0e
2025-11-10,43,c2e13ee4a1e81c34023a97599eff2e70,"Winston",702,https://storage.googleapis.com/wbuserimages/prod/54071099-c2e13ee4a1e81c34023a97599eff2e70
2025-11-10,44,47438349afbcbd9d2fc4390df71617f7,"Krys",654,https://storage.googleapis.com/wbuserimages/prod/20197921-47438349afbcbd9d2fc4390df71617f7
2025-11-10,45,d3d807cacfbc3e4f6ac48533b9b9d921,"Siobhan",642,https://storage.googleapis.com/wbuserimages/prod/1404665-d3d807cacfbc3e4f6ac48533b9b9d921
2025-11-10,46,05b73e4625a3dc40573c3d5ee345a3ae,"Julie",476,https://storage.googleapis.com/wbuserimages/prod/19476134-05b73e4625a3dc40573c3d5ee345a3ae
2025-11-10,,,"All arenas",400,
